INFO:     Started server process [29469]
INFO:     Waiting for application startup.
2026-09-11 09:21:34,137 - api - INFO - Starting up NER Landslide API
INFO:     Application startup complete.
INFO:     Uvicorn running on http://127.0.0.1:8001 (Press CTRL+C to quit)
2026-09-11 09:21:36,609 - urllib3.connectionpool - WARNING - Retrying (Retry(total=4, connect=None, read=None, redirect=None, status=None)) after connection broken by 'NewConnectionError("HTTPConnection(host='localhost', port=9000): Failed to establish a new connection: [Errno 61] Connection refused")': /
2026-09-11 09:21:37,012 - urllib3.connectionpool - WARNING - Retrying (Retry(total=3, connect=None, read=None, redirect=None, status=None)) after connection broken by 'NewConnectionError("HTTPConnection(host='localhost', port=9000): Failed to establish a new connection: [Errno 61] Connection refused")': /
2026-09-11 09:21:37,818 - urllib3.connectionpool - WARNING - Retrying (Retry(total=2, connect=None, read=None, redirect=None, status=None)) after connection broken by 'NewConnectionError("HTTPConnection(host='localhost', port=9000): Failed to establish a new connection: [Errno 61] Connection refused")': /
2026-09-11 09:21:39,421 - urllib3.connectionpool - WARNING - Retrying (Retry(total=1, connect=None, read=None, redirect=None, status=None)) after connection broken by 'NewConnectionError("HTTPConnection(host='localhost', port=9000): Failed to establish a new connection: [Errno 61] Connection refused")': /
2026-09-11 09:21:42,624 - urllib3.connectionpool - WARNING - Retrying (Retry(total=0, connect=None, read=None, redirect=None, status=None)) after connection broken by 'NewConnectionError("HTTPConnection(host='localhost', port=9000): Failed to establish a new connection: [Errno 61] Connection refused")': /
2026-09-11 09:21:42,626 - services.api.routes.health - ERROR - MinIO health check failed
Traceback (most recent call last):
  File "/Users/prabhanshushekhar/Downloads/xSIH101/venv/lib/python3.13/site-packages/urllib3/connection.py", line 204, in _new_conn
    sock = connection.create_connection(
        (self._dns_host, self.port),
    ...<2 lines>...
        socket_options=self.socket_options,
    )
  File "/Users/prabhanshushekhar/Downloads/xSIH101/venv/lib/python3.13/site-packages/urllib3/util/connection.py", line 85, in create_connection
    raise err
  File "/Users/prabhanshushekhar/Downloads/xSIH101/venv/lib/python3.13/site-packages/urllib3/util/connection.py", line 73, in create_connection
    sock.connect(sa)
    ~~~~~~~~~~~~^^^^
ConnectionRefusedError: [Errno 61] Connection refused

The above exception was the direct cause of the following exception:

Traceback (most recent call last):
  File "/Users/prabhanshushekhar/Downloads/xSIH101/venv/lib/python3.13/site-packages/urllib3/connectionpool.py", line 788, in urlopen
    response = self._make_request(
        conn,
    ...<10 lines>...
        **response_kw,
    )
  File "/Users/prabhanshushekhar/Downloads/xSIH101/venv/lib/python3.13/site-packages/urllib3/connectionpool.py", line 493, in _make_request
    conn.request(
    ~~~~~~~~~~~~^
        method,
        ^^^^^^^
    ...<6 lines>...
        enforce_content_length=enforce_content_length,
        ^^^^^^^^^^^^^^^^^^^^^^^^^^^^^^^^^^^^^^^^^^^^^^
    )
    ^
  File "/Users/prabhanshushekhar/Downloads/xSIH101/venv/lib/python3.13/site-packages/urllib3/connection.py", line 500, in request
    self.endheaders()
    ~~~~~~~~~~~~~~~^^
  File "/opt/homebrew/Cellar/python@3.13/3.13.5/Frameworks/Python.framework/Versions/3.13/lib/python3.13/http/client.py", line 1333, in endheaders
    self._send_output(message_body, encode_chunked=encode_chunked)
    ~~~~~~~~~~~~~~~~~^^^^^^^^^^^^^^^^^^^^^^^^^^^^^^^^^^^^^^^^^^^^^
  File "/opt/homebrew/Cellar/python@3.13/3.13.5/Frameworks/Python.framework/Versions/3.13/lib/python3.13/http/client.py", line 1093, in _send_output
    self.send(msg)
    ~~~~~~~~~^^^^^
  File "/opt/homebrew/Cellar/python@3.13/3.13.5/Frameworks/Python.framework/Versions/3.13/lib/python3.13/http/client.py", line 1037, in send
    self.connect()
    ~~~~~~~~~~~~^^
  File "/Users/prabhanshushekhar/Downloads/xSIH101/venv/lib/python3.13/site-packages/urllib3/connection.py", line 331, in connect
    self.sock = self._new_conn()
                ~~~~~~~~~~~~~~^^
  File "/Users/prabhanshushekhar/Downloads/xSIH101/venv/lib/python3.13/site-packages/urllib3/connection.py", line 219, in _new_conn
    raise NewConnectionError(
        self, f"Failed to establish a new connection: {e}"
    ) from e
urllib3.exceptions.NewConnectionError: HTTPConnection(host='localhost', port=9000): Failed to establish a new connection: [Errno 61] Connection refused

The above exception was the direct cause of the following exception:

Traceback (most recent call last):
  File "/Users/prabhanshushekhar/Downloads/xSIH101/services/api/routes/health.py", line 42, in _check_minio
    client.list_buckets()
    ~~~~~~~~~~~~~~~~~~~^^
  File "/Users/prabhanshushekhar/Downloads/xSIH101/venv/lib/python3.13/site-packages/minio/api.py", line 681, in list_buckets
    response = self._execute("GET")
  File "/Users/prabhanshushekhar/Downloads/xSIH101/venv/lib/python3.13/site-packages/minio/api.py", line 444, in _execute
    return self._url_open(
           ~~~~~~~~~~~~~~^
        method,
        ^^^^^^^
    ...<7 lines>...
        no_body_trace=no_body_trace,
        ^^^^^^^^^^^^^^^^^^^^^^^^^^^^
    )
    ^
  File "/Users/prabhanshushekhar/Downloads/xSIH101/venv/lib/python3.13/site-packages/minio/api.py", line 306, in _url_open
    response = self._http.urlopen(
        method,
    ...<3 lines>...
        preload_content=preload_content,
    )
  File "/Users/prabhanshushekhar/Downloads/xSIH101/venv/lib/python3.13/site-packages/urllib3/poolmanager.py", line 457, in urlopen
    response = conn.urlopen(method, u.request_uri, **kw)
  File "/Users/prabhanshushekhar/Downloads/xSIH101/venv/lib/python3.13/site-packages/urllib3/connectionpool.py", line 872, in urlopen
    return self.urlopen(
           ~~~~~~~~~~~~^
        method,
        ^^^^^^^
    ...<13 lines>...
        **response_kw,
        ^^^^^^^^^^^^^^
    )
    ^
  File "/Users/prabhanshushekhar/Downloads/xSIH101/venv/lib/python3.13/site-packages/urllib3/connectionpool.py", line 872, in urlopen
    return self.urlopen(
           ~~~~~~~~~~~~^
        method,
        ^^^^^^^
    ...<13 lines>...
        **response_kw,
        ^^^^^^^^^^^^^^
    )
    ^
  File "/Users/prabhanshushekhar/Downloads/xSIH101/venv/lib/python3.13/site-packages/urllib3/connectionpool.py", line 872, in urlopen
    return self.urlopen(
           ~~~~~~~~~~~~^
        method,
        ^^^^^^^
    ...<13 lines>...
        **response_kw,
        ^^^^^^^^^^^^^^
    )
    ^
  [Previous line repeated 2 more times]
  File "/Users/prabhanshushekhar/Downloads/xSIH101/venv/lib/python3.13/site-packages/urllib3/connectionpool.py", line 842, in urlopen
    retries = retries.increment(
        method, url, error=new_e, _pool=self, _stacktrace=sys.exc_info()[2]
    )
  File "/Users/prabhanshushekhar/Downloads/xSIH101/venv/lib/python3.13/site-packages/urllib3/util/retry.py", line 543, in increment
    raise MaxRetryError(_pool, url, reason) from reason  # type: ignore[arg-type]
    ^^^^^^^^^^^^^^^^^^^^^^^^^^^^^^^^^^^^^^^^^^^^^^^^^^^
urllib3.exceptions.MaxRetryError: HTTPConnectionPool(host='localhost', port=9000): Max retries exceeded with url: / (Caused by NewConnectionError("HTTPConnection(host='localhost', port=9000): Failed to establish a new connection: [Errno 61] Connection refused"))
2026-09-11 09:21:42,641 - api.request - INFO - GET /health status=503 duration=6228.12ms ip=127.0.0.1
INFO:     127.0.0.1:52833 - "GET /health HTTP/1.1" 503 Service Unavailable
2026-09-11 09:21:48,157 - services.fusion.pipeline - INFO - [7349e117-969b-4e0b-bde5-37f6e8f5a09c] Starting fusion pipeline for 27.3314, 88.6138
2026-09-11 09:21:48,179 - services.fusion.pipeline - INFO - [c17c1b10-6a65-4be7-a26e-6f88de873faa] Starting fusion pipeline for 27.3314, 88.6138
2026-09-11 09:21:48,184 - services.fusion.pipeline - INFO - [0f01d94b-7f1d-4d38-802f-2ccbc5bb904a] Starting fusion pipeline for 27.3314, 88.6138
2026-09-11 09:21:48,188 - services.fusion.pipeline - INFO - [59296e32-fd73-48fc-a78c-4ff327509150] Starting fusion pipeline for 27.3314, 88.6138
2026-09-11 09:21:48,240 - services.fusion.pipeline - INFO - [23e0e705-a10c-42fe-94f4-2fc3a48a8dce] Starting fusion pipeline for 27.3314, 88.6138
2026-09-11 09:21:48,244 - services.fusion.pipeline - INFO - [e21d5594-aacc-40d3-9d1c-b6d627652532] Starting fusion pipeline for 27.3314, 88.6138
2026-09-11 09:21:48,248 - services.fusion.pipeline - INFO - [d104ffc2-5fd7-47fb-a223-91f100b6c1cd] Starting fusion pipeline for 27.3314, 88.6138
2026-09-11 09:21:48,252 - services.fusion.pipeline - INFO - [009e4814-47fd-4931-857b-3e890072a378] Starting fusion pipeline for 27.3314, 88.6138
2026-09-11 09:21:48,257 - services.fusion.pipeline - INFO - [e6eb5aca-f90e-4c35-9ca1-c412d767f403] Starting fusion pipeline for 27.3314, 88.6138
2026-09-11 09:21:48,261 - services.fusion.pipeline - INFO - [2c94804e-9fe3-4ce0-a383-73f38d1807b8] Starting fusion pipeline for 27.3314, 88.6138
2026-09-11 09:21:48,265 - services.fusion.pipeline - INFO - [8eac85c8-9300-4327-8ba2-5879b449ec58] Starting fusion pipeline for 27.3314, 88.6138
2026-09-11 09:21:48,269 - services.fusion.pipeline - INFO - [9c4c9fae-44bc-49e6-b197-92351ef0ba02] Starting fusion pipeline for 27.3314, 88.6138
2026-09-11 09:21:48,273 - services.fusion.pipeline - INFO - [4588509e-4cca-4a0a-a154-5d4013bdd24e] Starting fusion pipeline for 27.3314, 88.6138
2026-09-11 09:21:48,281 - services.fusion.pipeline - INFO - [3e3a781e-ae56-48d2-baa4-61da72146a66] Starting fusion pipeline for 27.3314, 88.6138
2026-09-11 09:21:48,285 - services.fusion.pipeline - INFO - [169a109a-57a0-4971-b430-8cb5e121f134] Starting fusion pipeline for 27.3314, 88.6138
2026-09-11 09:21:48,289 - services.fusion.pipeline - INFO - [b008e3fe-265a-4f46-b8a4-0b99eb6c84c2] Starting fusion pipeline for 27.3314, 88.6138
2026-09-11 09:21:48,294 - services.fusion.pipeline - INFO - [cca2593d-8051-4d1b-9319-56f1816d1100] Starting fusion pipeline for 27.3314, 88.6138
2026-09-11 09:21:48,297 - services.fusion.pipeline - INFO - [e15df660-c9b3-473d-aa5c-e0902278cbb4] Starting fusion pipeline for 27.3314, 88.6138
2026-09-11 09:21:48,301 - services.fusion.pipeline - INFO - [3ece97a0-a358-4faf-a6bf-781a0eebc083] Starting fusion pipeline for 27.3314, 88.6138
2026-09-11 09:21:48,306 - services.fusion.pipeline - INFO - [eebb1ada-2d4c-4908-919f-6e7f7fd91860] Starting fusion pipeline for 27.3314, 88.6138
2026-09-11 09:21:48,310 - services.fusion.pipeline - INFO - [66e1e36f-45d1-498c-b81b-3ceb29c76c22] Starting fusion pipeline for 27.3314, 88.6138
2026-09-11 09:21:48,314 - services.fusion.pipeline - INFO - [99d561f2-873e-421a-b58a-f66f11034e09] Starting fusion pipeline for 27.3314, 88.6138
2026-09-11 09:21:48,318 - services.fusion.pipeline - INFO - [ab00c448-08ec-4f7b-a7fc-99ac7e978c1a] Starting fusion pipeline for 27.3314, 88.6138
2026-09-11 09:21:48,322 - services.fusion.pipeline - INFO - [e08aefc8-8154-4342-b535-afa298d0aae6] Starting fusion pipeline for 27.3314, 88.6138
2026-09-11 09:21:48,326 - services.fusion.pipeline - INFO - [32f85a20-e7b3-4450-8ee2-c173d633b794] Starting fusion pipeline for 27.3314, 88.6138
2026-09-11 09:21:48,330 - services.fusion.pipeline - INFO - [e5a56356-23ea-4397-b0f7-557fd8faa60e] Starting fusion pipeline for 27.3314, 88.6138
2026-09-11 09:21:48,340 - services.fusion.pipeline - INFO - [97234542-5be8-4f84-a527-230204309bb2] Starting fusion pipeline for 27.3314, 88.6138
2026-09-11 09:21:48,345 - services.fusion.pipeline - INFO - [3ddd96ea-95e9-4d96-96f8-6e7cc57e7cbe] Starting fusion pipeline for 27.3314, 88.6138
2026-09-11 09:21:48,349 - services.fusion.pipeline - INFO - [ab235038-8896-4c19-9dea-d46b6acd98aa] Starting fusion pipeline for 27.3314, 88.6138
2026-09-11 09:21:48,353 - services.fusion.pipeline - INFO - [7f669aa4-b84b-4e97-9a57-d8ac59e9fa62] Starting fusion pipeline for 27.3314, 88.6138
2026-09-11 09:21:48,357 - services.fusion.pipeline - INFO - [207ad6f7-55db-401c-84a8-467350597e4a] Starting fusion pipeline for 27.3314, 88.6138
2026-09-11 09:21:48,362 - services.fusion.pipeline - INFO - [8a093e2d-9369-4a19-bbf5-2164222fed6e] Starting fusion pipeline for 27.3314, 88.6138
2026-09-11 09:21:48,365 - services.fusion.pipeline - INFO - [7cd5fe83-98dd-4acd-8c39-2c5c5bdf9463] Starting fusion pipeline for 27.3314, 88.6138
2026-09-11 09:21:48,369 - services.fusion.pipeline - INFO - [e2980588-9ba6-43f6-a20e-2be2a7075e20] Starting fusion pipeline for 27.3314, 88.6138
2026-09-11 09:21:48,374 - services.fusion.pipeline - INFO - [ff2bf4d2-b809-412b-9b16-e433d670dcd5] Starting fusion pipeline for 27.3314, 88.6138
2026-09-11 09:21:48,378 - services.fusion.pipeline - INFO - [0933b934-213a-48d8-b8d6-c95686b05367] Starting fusion pipeline for 27.3314, 88.6138
2026-09-11 09:21:48,382 - services.fusion.pipeline - INFO - [ff834e7e-197e-4230-8ce0-d734d4994c87] Starting fusion pipeline for 27.3314, 88.6138
2026-09-11 09:21:48,386 - services.fusion.pipeline - INFO - [e18e4682-3fb0-4634-a954-10b08a361b1b] Starting fusion pipeline for 27.3314, 88.6138
2026-09-11 09:21:48,390 - services.fusion.pipeline - INFO - [bc22ef41-d702-423d-9c1d-046c1d627df5] Starting fusion pipeline for 27.3314, 88.6138
2026-09-11 09:21:48,394 - services.fusion.pipeline - INFO - [812c893b-cd7e-4f66-b7b5-7935ec5414f1] Starting fusion pipeline for 27.3314, 88.6138
2026-09-11 09:21:48,398 - services.fusion.pipeline - INFO - [5bc3f8d3-b145-4f59-ae39-23fc7550af7e] Starting fusion pipeline for 27.3314, 88.6138
2026-09-11 09:21:48,402 - services.fusion.pipeline - INFO - [594c3804-d30c-4513-becf-b7e52da6cc1b] Starting fusion pipeline for 27.3314, 88.6138
2026-09-11 09:21:48,406 - services.fusion.pipeline - INFO - [6b9c7630-fe0d-4cf5-acd9-078c6724238e] Starting fusion pipeline for 27.3314, 88.6138
2026-09-11 09:21:48,410 - services.fusion.pipeline - INFO - [b25fdda1-0f3a-4cfb-9457-d38779dd110a] Starting fusion pipeline for 27.3314, 88.6138
2026-09-11 09:21:48,414 - services.fusion.pipeline - INFO - [014e6a13-246a-44c6-b687-6e487b7b2f77] Starting fusion pipeline for 27.3314, 88.6138
2026-09-11 09:21:48,418 - services.fusion.pipeline - INFO - [fc37690e-1602-482e-a91c-0e589ad18b98] Starting fusion pipeline for 27.3314, 88.6138
2026-09-11 09:21:48,422 - services.fusion.pipeline - INFO - [ea8678ab-19fa-4dff-b31f-2bdc5ea98462] Starting fusion pipeline for 27.3314, 88.6138
2026-09-11 09:21:48,426 - services.fusion.pipeline - INFO - [9811c91f-66a0-4d4d-8ed9-4094b117fcea] Starting fusion pipeline for 27.3314, 88.6138
2026-09-11 09:21:48,430 - services.fusion.pipeline - INFO - [24e2ccad-fb74-46c0-83cd-84326a291cfe] Starting fusion pipeline for 27.3314, 88.6138
2026-09-11 09:21:48,434 - services.fusion.pipeline - INFO - [6ebfb5f7-03f6-419e-bb12-981382c8bb14] Starting fusion pipeline for 27.3314, 88.6138
2026-09-11 09:21:48,439 - services.fusion.pipeline - INFO - [22a86537-1836-47b8-9648-6f68838ad096] Starting fusion pipeline for 27.3314, 88.6138
2026-09-11 09:21:48,443 - services.fusion.pipeline - INFO - [bf407548-8d0d-4bf1-8506-715976e2141f] Starting fusion pipeline for 27.3314, 88.6138
2026-09-11 09:21:48,447 - services.fusion.pipeline - INFO - [7cb609a2-506a-4de5-a17a-7bd676308ef3] Starting fusion pipeline for 27.3314, 88.6138
2026-09-11 09:21:48,450 - services.fusion.pipeline - INFO - [62ee68ed-899a-4ed4-b6f0-73e14d16c189] Starting fusion pipeline for 27.3314, 88.6138
2026-09-11 09:21:48,454 - services.fusion.pipeline - INFO - [6f8eb661-c41d-40f9-9107-1e4a71a231ad] Starting fusion pipeline for 27.3314, 88.6138
2026-09-11 09:21:48,463 - services.fusion.pipeline - INFO - [48196838-b0b3-4680-91cd-7ed262cf6bb4] Starting fusion pipeline for 27.3314, 88.6138
2026-09-11 09:21:48,468 - services.fusion.pipeline - INFO - [7db316db-aff3-49c5-8079-820db0a560b7] Starting fusion pipeline for 27.3314, 88.6138
2026-09-11 09:21:48,473 - services.fusion.pipeline - INFO - [29c75d37-6d79-4fbb-857b-7663c9def055] Starting fusion pipeline for 27.3314, 88.6138
2026-09-11 09:21:48,477 - services.fusion.pipeline - INFO - [e393908a-584c-4502-adf6-9f7466bef291] Starting fusion pipeline for 27.3314, 88.6138
2026-09-11 09:21:48,481 - services.fusion.pipeline - INFO - [73edde78-d647-48b3-aaa4-312fc201586f] Starting fusion pipeline for 27.3314, 88.6138
2026-09-11 09:21:48,485 - services.fusion.pipeline - INFO - [53c75848-1c13-4e78-90cc-3bb57f0d2be3] Starting fusion pipeline for 27.3314, 88.6138
2026-09-11 09:21:48,490 - services.fusion.pipeline - INFO - [1005e8b8-6ede-49bc-82c5-543760f2bb0a] Starting fusion pipeline for 27.3314, 88.6138
2026-09-11 09:21:48,494 - services.fusion.pipeline - INFO - [19530959-7a71-431e-8cb0-95872843dcac] Starting fusion pipeline for 27.3314, 88.6138
2026-09-11 09:21:48,498 - services.fusion.pipeline - INFO - [be42238d-dc6f-47b4-9a4c-abc44b16b7e9] Starting fusion pipeline for 27.3314, 88.6138
2026-09-11 09:21:48,502 - services.fusion.pipeline - INFO - [1364dca3-709a-4086-a9c0-af9f7077124d] Starting fusion pipeline for 27.3314, 88.6138
2026-09-11 09:21:48,506 - services.fusion.pipeline - INFO - [852cda70-487c-4f6a-a20c-6fd683ba0f52] Starting fusion pipeline for 27.3314, 88.6138
2026-09-11 09:21:48,510 - services.fusion.pipeline - INFO - [10964198-6c7c-4960-ab84-78a8d4a61783] Starting fusion pipeline for 27.3314, 88.6138
2026-09-11 09:21:48,514 - services.fusion.pipeline - INFO - [3891f2d4-1d34-465c-b196-3d84fe5b66bd] Starting fusion pipeline for 27.3314, 88.6138
2026-09-11 09:21:48,518 - services.fusion.pipeline - INFO - [cc501649-08ff-4aee-8fc6-8c4e4322abe7] Starting fusion pipeline for 27.3314, 88.6138
2026-09-11 09:21:48,522 - services.fusion.pipeline - INFO - [e0ffc26a-7a70-4d4e-ada0-ff0e810f022e] Starting fusion pipeline for 27.3314, 88.6138
2026-09-11 09:21:48,526 - services.fusion.pipeline - INFO - [6790c5a8-24f2-4152-b6ff-642b1b36f112] Starting fusion pipeline for 27.3314, 88.6138
2026-09-11 09:21:48,530 - services.fusion.pipeline - INFO - [8edfbecc-1b2c-480d-a041-5e2cdac2480c] Starting fusion pipeline for 27.3314, 88.6138
2026-09-11 09:21:48,534 - services.fusion.pipeline - INFO - [53ffaef9-f095-47e5-9456-9e115f276223] Starting fusion pipeline for 27.3314, 88.6138
2026-09-11 09:21:48,538 - services.fusion.pipeline - INFO - [4ddadb63-c0e9-4656-bd50-acd325b4e347] Starting fusion pipeline for 27.3314, 88.6138
2026-09-11 09:21:48,542 - services.fusion.pipeline - INFO - [4ae31a77-6478-49d2-9b58-c7af4790b82e] Starting fusion pipeline for 27.3314, 88.6138
2026-09-11 09:21:48,546 - services.fusion.pipeline - INFO - [c9696d50-69cc-401e-b36e-7d6182a9674b] Starting fusion pipeline for 27.3314, 88.6138
2026-09-11 09:21:48,550 - services.fusion.pipeline - INFO - [85532817-912c-4088-ad1e-c8bef7781512] Starting fusion pipeline for 27.3314, 88.6138
2026-09-11 09:21:48,554 - services.fusion.pipeline - INFO - [9eb2c514-47ad-45a0-9a1f-b7b96143fe38] Starting fusion pipeline for 27.3314, 88.6138
2026-09-11 09:21:48,558 - services.fusion.pipeline - INFO - [7966d112-49b3-4935-91c0-edf737a501a3] Starting fusion pipeline for 27.3314, 88.6138
2026-09-11 09:21:48,562 - services.fusion.pipeline - INFO - [d8596ff0-b4ba-4b7f-a966-c5ff25dbdc33] Starting fusion pipeline for 27.3314, 88.6138
2026-09-11 09:21:48,566 - services.fusion.pipeline - INFO - [ab340fae-7712-401a-adf2-da7ca02cf178] Starting fusion pipeline for 27.3314, 88.6138
2026-09-11 09:21:48,570 - services.fusion.pipeline - INFO - [b062cbbb-6e13-4d88-8a5e-02c3736fd4ca] Starting fusion pipeline for 27.3314, 88.6138
2026-09-11 09:21:48,574 - services.fusion.pipeline - INFO - [2a468fb4-6061-4d6a-ac99-dd12cf7cdba9] Starting fusion pipeline for 27.3314, 88.6138
2026-09-11 09:21:48,578 - services.fusion.pipeline - INFO - [4885b012-d90e-479a-873f-91a7bf81dced] Starting fusion pipeline for 27.3314, 88.6138
2026-09-11 09:21:48,582 - services.fusion.pipeline - INFO - [0cb3dd91-2426-482b-9113-cc97cd8d9e5a] Starting fusion pipeline for 27.3314, 88.6138
2026-09-11 09:21:48,586 - services.fusion.pipeline - INFO - [49ab0ee2-ad54-4d27-ab66-5d2fd02b3ef3] Starting fusion pipeline for 27.3314, 88.6138
2026-09-11 09:21:48,590 - services.fusion.pipeline - INFO - [042dfbd3-0e8d-4823-81e5-018bcea05ac7] Starting fusion pipeline for 27.3314, 88.6138
2026-09-11 09:21:48,594 - services.fusion.pipeline - INFO - [1851cbd4-ec21-47d9-bc22-1188415f31e6] Starting fusion pipeline for 27.3314, 88.6138
2026-09-11 09:21:48,599 - services.fusion.pipeline - INFO - [48bc347a-c700-4be0-a411-c5e3f97ab5d0] Starting fusion pipeline for 27.3314, 88.6138
2026-09-11 09:21:48,603 - services.fusion.pipeline - INFO - [adf7ea27-840c-4933-9e70-9c2366a29e2e] Starting fusion pipeline for 27.3314, 88.6138
2026-09-11 09:21:48,608 - services.fusion.pipeline - INFO - [d4c4c097-1f99-4ec3-82ed-e9364a36fb3b] Starting fusion pipeline for 27.3314, 88.6138
2026-09-11 09:21:48,612 - services.fusion.pipeline - INFO - [ca9341ea-e318-4131-976c-a0161aa04677] Starting fusion pipeline for 27.3314, 88.6138
2026-09-11 09:21:48,616 - services.fusion.pipeline - INFO - [28c169e4-d9e9-437d-aa4f-28130fdbfbc9] Starting fusion pipeline for 27.3314, 88.6138
2026-09-11 09:21:48,619 - services.fusion.pipeline - INFO - [65afb08d-0b26-4a01-9de5-61e12b453982] Starting fusion pipeline for 27.3314, 88.6138
2026-09-11 09:21:48,624 - services.fusion.pipeline - INFO - [dd78ee14-ed55-4d42-b8df-56789e8435cc] Starting fusion pipeline for 27.3314, 88.6138
2026-09-11 09:21:48,628 - services.fusion.pipeline - INFO - [8cf138ea-f0e4-45ff-8a07-6cd9584d7f37] Starting fusion pipeline for 27.3314, 88.6138
2026-09-11 09:21:48,632 - services.fusion.pipeline - INFO - [a79b751f-25aa-46ba-a140-b64bd36dce23] Starting fusion pipeline for 27.3314, 88.6138
2026-09-11 09:21:48,635 - services.fusion.pipeline - INFO - [3598b6a6-41fa-423e-96a4-e5cc3e11a9c1] Starting fusion pipeline for 27.3314, 88.6138
2026-09-11 09:21:48,640 - services.fusion.pipeline - INFO - [da1a8c3f-1345-4916-a950-67b97a322310] Starting fusion pipeline for 27.3314, 88.6138
2026-09-11 09:21:48,644 - services.fusion.pipeline - INFO - [f390c042-4fd8-4892-a239-21bdfe82f2fe] Starting fusion pipeline for 27.3314, 88.6138
2026-09-11 09:21:49,143 - httpx - INFO - HTTP Request: GET https://api.open-meteo.com/v1/forecast?latitude=27.3314&longitude=88.6138&past_days=3&forecast_days=1&daily=precipitation_sum&timezone=UTC "HTTP/1.1 200 OK"
2026-09-11 09:21:50,981 - services.fusion.pipeline - INFO - ML Model blocked inference: Model is blocked pending authoritative NER labels.
2026-09-11 09:21:50,983 - httpx - INFO - HTTP Request: GET https://api.open-meteo.com/v1/forecast?latitude=27.3314&longitude=88.6138&past_days=3&forecast_days=1&daily=precipitation_sum&timezone=UTC "HTTP/1.1 200 OK"
2026-09-11 09:21:50,984 - httpx - INFO - HTTP Request: GET https://api.open-meteo.com/v1/forecast?latitude=27.3314&longitude=88.6138&past_days=3&forecast_days=1&daily=precipitation_sum&timezone=UTC "HTTP/1.1 200 OK"
2026-09-11 09:21:50,984 - httpx - INFO - HTTP Request: GET https://api.open-meteo.com/v1/forecast?latitude=27.3314&longitude=88.6138&past_days=3&forecast_days=1&daily=precipitation_sum&timezone=UTC "HTTP/1.1 200 OK"
2026-09-11 09:21:51,031 - services.fusion.pipeline - INFO - ML Model blocked inference: Model is blocked pending authoritative NER labels.
2026-09-11 09:21:51,032 - services.fusion.pipeline - INFO - ML Model blocked inference: Model is blocked pending authoritative NER labels.
2026-09-11 09:21:51,032 - services.fusion.pipeline - INFO - ML Model blocked inference: Model is blocked pending authoritative NER labels.
2026-09-11 09:21:51,313 - httpx - INFO - HTTP Request: GET https://api.open-meteo.com/v1/forecast?latitude=27.3314&longitude=88.6138&past_days=3&forecast_days=1&daily=precipitation_sum&timezone=UTC "HTTP/1.1 200 OK"
2026-09-11 09:21:51,314 - httpx - INFO - HTTP Request: GET https://api.open-meteo.com/v1/forecast?latitude=27.3314&longitude=88.6138&past_days=3&forecast_days=1&daily=precipitation_sum&timezone=UTC "HTTP/1.1 200 OK"
2026-09-11 09:21:51,314 - httpx - INFO - HTTP Request: GET https://api.open-meteo.com/v1/forecast?latitude=27.3314&longitude=88.6138&past_days=3&forecast_days=1&daily=precipitation_sum&timezone=UTC "HTTP/1.1 200 OK"
2026-09-11 09:21:51,315 - services.fusion.pipeline - INFO - ML Model blocked inference: Model is blocked pending authoritative NER labels.
2026-09-11 09:21:51,316 - services.fusion.pipeline - INFO - ML Model blocked inference: Model is blocked pending authoritative NER labels.
2026-09-11 09:21:51,316 - services.fusion.pipeline - INFO - ML Model blocked inference: Model is blocked pending authoritative NER labels.
2026-09-11 09:21:51,320 - httpx - INFO - HTTP Request: GET https://api.open-meteo.com/v1/forecast?latitude=27.3314&longitude=88.6138&past_days=3&forecast_days=1&daily=precipitation_sum&timezone=UTC "HTTP/1.1 200 OK"
2026-09-11 09:21:51,322 - httpx - INFO - HTTP Request: GET https://api.open-meteo.com/v1/forecast?latitude=27.3314&longitude=88.6138&past_days=3&forecast_days=1&daily=precipitation_sum&timezone=UTC "HTTP/1.1 200 OK"
2026-09-11 09:21:51,323 - services.fusion.pipeline - INFO - ML Model blocked inference: Model is blocked pending authoritative NER labels.
2026-09-11 09:21:51,324 - httpx - INFO - HTTP Request: GET https://api.open-meteo.com/v1/forecast?latitude=27.3314&longitude=88.6138&past_days=3&forecast_days=1&daily=precipitation_sum&timezone=UTC "HTTP/1.1 200 OK"
2026-09-11 09:21:51,324 - httpx - INFO - HTTP Request: GET https://api.open-meteo.com/v1/forecast?latitude=27.3314&longitude=88.6138&past_days=3&forecast_days=1&daily=precipitation_sum&timezone=UTC "HTTP/1.1 200 OK"
2026-09-11 09:21:51,324 - services.fusion.pipeline - INFO - ML Model blocked inference: Model is blocked pending authoritative NER labels.
2026-09-11 09:21:51,325 - services.fusion.pipeline - INFO - ML Model blocked inference: Model is blocked pending authoritative NER labels.
2026-09-11 09:21:51,326 - services.fusion.pipeline - INFO - ML Model blocked inference: Model is blocked pending authoritative NER labels.
2026-09-11 09:21:51,327 - httpx - INFO - HTTP Request: GET https://api.open-meteo.com/v1/forecast?latitude=27.3314&longitude=88.6138&past_days=3&forecast_days=1&daily=precipitation_sum&timezone=UTC "HTTP/1.1 200 OK"
2026-09-11 09:21:51,328 - services.fusion.pipeline - INFO - ML Model blocked inference: Model is blocked pending authoritative NER labels.
2026-09-11 09:21:51,329 - httpx - INFO - HTTP Request: GET https://api.open-meteo.com/v1/forecast?latitude=27.3314&longitude=88.6138&past_days=3&forecast_days=1&daily=precipitation_sum&timezone=UTC "HTTP/1.1 200 OK"
2026-09-11 09:21:51,329 - httpx - INFO - HTTP Request: GET https://api.open-meteo.com/v1/forecast?latitude=27.3314&longitude=88.6138&past_days=3&forecast_days=1&daily=precipitation_sum&timezone=UTC "HTTP/1.1 200 OK"
2026-09-11 09:21:51,330 - httpx - INFO - HTTP Request: GET https://api.open-meteo.com/v1/forecast?latitude=27.3314&longitude=88.6138&past_days=3&forecast_days=1&daily=precipitation_sum&timezone=UTC "HTTP/1.1 200 OK"
2026-09-11 09:21:51,331 - httpx - INFO - HTTP Request: GET https://api.open-meteo.com/v1/forecast?latitude=27.3314&longitude=88.6138&past_days=3&forecast_days=1&daily=precipitation_sum&timezone=UTC "HTTP/1.1 200 OK"
2026-09-11 09:21:51,331 - httpx - INFO - HTTP Request: GET https://api.open-meteo.com/v1/forecast?latitude=27.3314&longitude=88.6138&past_days=3&forecast_days=1&daily=precipitation_sum&timezone=UTC "HTTP/1.1 200 OK"
2026-09-11 09:21:51,331 - services.fusion.pipeline - INFO - ML Model blocked inference: Model is blocked pending authoritative NER labels.
2026-09-11 09:21:51,332 - services.fusion.pipeline - INFO - ML Model blocked inference: Model is blocked pending authoritative NER labels.
2026-09-11 09:21:51,333 - httpx - INFO - HTTP Request: GET https://api.open-meteo.com/v1/forecast?latitude=27.3314&longitude=88.6138&past_days=3&forecast_days=1&daily=precipitation_sum&timezone=UTC "HTTP/1.1 200 OK"
2026-09-11 09:21:51,334 - httpx - INFO - HTTP Request: GET https://api.open-meteo.com/v1/forecast?latitude=27.3314&longitude=88.6138&past_days=3&forecast_days=1&daily=precipitation_sum&timezone=UTC "HTTP/1.1 200 OK"
2026-09-11 09:21:51,334 - httpx - INFO - HTTP Request: GET https://api.open-meteo.com/v1/forecast?latitude=27.3314&longitude=88.6138&past_days=3&forecast_days=1&daily=precipitation_sum&timezone=UTC "HTTP/1.1 200 OK"
2026-09-11 09:21:51,335 - httpx - INFO - HTTP Request: GET https://api.open-meteo.com/v1/forecast?latitude=27.3314&longitude=88.6138&past_days=3&forecast_days=1&daily=precipitation_sum&timezone=UTC "HTTP/1.1 200 OK"
2026-09-11 09:21:51,335 - services.fusion.pipeline - INFO - ML Model blocked inference: Model is blocked pending authoritative NER labels.
2026-09-11 09:21:51,336 - services.fusion.pipeline - INFO - ML Model blocked inference: Model is blocked pending authoritative NER labels.
2026-09-11 09:21:51,349 - services.fusion.pipeline - INFO - ML Model blocked inference: Model is blocked pending authoritative NER labels.
2026-09-11 09:21:51,352 - services.fusion.pipeline - INFO - ML Model blocked inference: Model is blocked pending authoritative NER labels.
2026-09-11 09:21:51,353 - services.fusion.pipeline - INFO - ML Model blocked inference: Model is blocked pending authoritative NER labels.
2026-09-11 09:21:51,353 - services.fusion.pipeline - INFO - ML Model blocked inference: Model is blocked pending authoritative NER labels.
2026-09-11 09:21:51,354 - services.fusion.pipeline - INFO - ML Model blocked inference: Model is blocked pending authoritative NER labels.
2026-09-11 09:21:51,355 - httpx - INFO - HTTP Request: GET https://api.open-meteo.com/v1/forecast?latitude=27.3314&longitude=88.6138&past_days=3&forecast_days=1&daily=precipitation_sum&timezone=UTC "HTTP/1.1 200 OK"
2026-09-11 09:21:51,356 - httpx - INFO - HTTP Request: GET https://api.open-meteo.com/v1/forecast?latitude=27.3314&longitude=88.6138&past_days=3&forecast_days=1&daily=precipitation_sum&timezone=UTC "HTTP/1.1 200 OK"
2026-09-11 09:21:51,356 - httpx - INFO - HTTP Request: GET https://api.open-meteo.com/v1/forecast?latitude=27.3314&longitude=88.6138&past_days=3&forecast_days=1&daily=precipitation_sum&timezone=UTC "HTTP/1.1 200 OK"
2026-09-11 09:21:51,356 - httpx - INFO - HTTP Request: GET https://api.open-meteo.com/v1/forecast?latitude=27.3314&longitude=88.6138&past_days=3&forecast_days=1&daily=precipitation_sum&timezone=UTC "HTTP/1.1 200 OK"
2026-09-11 09:21:51,357 - httpx - INFO - HTTP Request: GET https://api.open-meteo.com/v1/forecast?latitude=27.3314&longitude=88.6138&past_days=3&forecast_days=1&daily=precipitation_sum&timezone=UTC "HTTP/1.1 200 OK"
2026-09-11 09:21:51,357 - httpx - INFO - HTTP Request: GET https://api.open-meteo.com/v1/forecast?latitude=27.3314&longitude=88.6138&past_days=3&forecast_days=1&daily=precipitation_sum&timezone=UTC "HTTP/1.1 200 OK"
2026-09-11 09:21:51,357 - httpx - INFO - HTTP Request: GET https://api.open-meteo.com/v1/forecast?latitude=27.3314&longitude=88.6138&past_days=3&forecast_days=1&daily=precipitation_sum&timezone=UTC "HTTP/1.1 200 OK"
2026-09-11 09:21:51,358 - httpx - INFO - HTTP Request: GET https://api.open-meteo.com/v1/forecast?latitude=27.3314&longitude=88.6138&past_days=3&forecast_days=1&daily=precipitation_sum&timezone=UTC "HTTP/1.1 200 OK"
2026-09-11 09:21:51,358 - httpx - INFO - HTTP Request: GET https://api.open-meteo.com/v1/forecast?latitude=27.3314&longitude=88.6138&past_days=3&forecast_days=1&daily=precipitation_sum&timezone=UTC "HTTP/1.1 200 OK"
2026-09-11 09:21:51,358 - httpx - INFO - HTTP Request: GET https://api.open-meteo.com/v1/forecast?latitude=27.3314&longitude=88.6138&past_days=3&forecast_days=1&daily=precipitation_sum&timezone=UTC "HTTP/1.1 200 OK"
2026-09-11 09:21:51,358 - httpx - INFO - HTTP Request: GET https://api.open-meteo.com/v1/forecast?latitude=27.3314&longitude=88.6138&past_days=3&forecast_days=1&daily=precipitation_sum&timezone=UTC "HTTP/1.1 200 OK"
2026-09-11 09:21:51,359 - httpx - INFO - HTTP Request: GET https://api.open-meteo.com/v1/forecast?latitude=27.3314&longitude=88.6138&past_days=3&forecast_days=1&daily=precipitation_sum&timezone=UTC "HTTP/1.1 200 OK"
2026-09-11 09:21:51,359 - httpx - INFO - HTTP Request: GET https://api.open-meteo.com/v1/forecast?latitude=27.3314&longitude=88.6138&past_days=3&forecast_days=1&daily=precipitation_sum&timezone=UTC "HTTP/1.1 200 OK"
2026-09-11 09:21:51,359 - httpx - INFO - HTTP Request: GET https://api.open-meteo.com/v1/forecast?latitude=27.3314&longitude=88.6138&past_days=3&forecast_days=1&daily=precipitation_sum&timezone=UTC "HTTP/1.1 200 OK"
2026-09-11 09:21:51,359 - httpx - INFO - HTTP Request: GET https://api.open-meteo.com/v1/forecast?latitude=27.3314&longitude=88.6138&past_days=3&forecast_days=1&daily=precipitation_sum&timezone=UTC "HTTP/1.1 200 OK"
2026-09-11 09:21:51,360 - httpx - INFO - HTTP Request: GET https://api.open-meteo.com/v1/forecast?latitude=27.3314&longitude=88.6138&past_days=3&forecast_days=1&daily=precipitation_sum&timezone=UTC "HTTP/1.1 200 OK"
2026-09-11 09:21:51,360 - httpx - INFO - HTTP Request: GET https://api.open-meteo.com/v1/forecast?latitude=27.3314&longitude=88.6138&past_days=3&forecast_days=1&daily=precipitation_sum&timezone=UTC "HTTP/1.1 200 OK"
2026-09-11 09:21:51,360 - httpx - INFO - HTTP Request: GET https://api.open-meteo.com/v1/forecast?latitude=27.3314&longitude=88.6138&past_days=3&forecast_days=1&daily=precipitation_sum&timezone=UTC "HTTP/1.1 200 OK"
2026-09-11 09:21:51,360 - httpx - INFO - HTTP Request: GET https://api.open-meteo.com/v1/forecast?latitude=27.3314&longitude=88.6138&past_days=3&forecast_days=1&daily=precipitation_sum&timezone=UTC "HTTP/1.1 200 OK"
2026-09-11 09:21:51,360 - httpx - INFO - HTTP Request: GET https://api.open-meteo.com/v1/forecast?latitude=27.3314&longitude=88.6138&past_days=3&forecast_days=1&daily=precipitation_sum&timezone=UTC "HTTP/1.1 200 OK"
2026-09-11 09:21:51,361 - httpx - INFO - HTTP Request: GET https://api.open-meteo.com/v1/forecast?latitude=27.3314&longitude=88.6138&past_days=3&forecast_days=1&daily=precipitation_sum&timezone=UTC "HTTP/1.1 200 OK"
2026-09-11 09:21:51,361 - httpx - INFO - HTTP Request: GET https://api.open-meteo.com/v1/forecast?latitude=27.3314&longitude=88.6138&past_days=3&forecast_days=1&daily=precipitation_sum&timezone=UTC "HTTP/1.1 200 OK"
2026-09-11 09:21:51,361 - httpx - INFO - HTTP Request: GET https://api.open-meteo.com/v1/forecast?latitude=27.3314&longitude=88.6138&past_days=3&forecast_days=1&daily=precipitation_sum&timezone=UTC "HTTP/1.1 200 OK"
2026-09-11 09:21:51,361 - httpx - INFO - HTTP Request: GET https://api.open-meteo.com/v1/forecast?latitude=27.3314&longitude=88.6138&past_days=3&forecast_days=1&daily=precipitation_sum&timezone=UTC "HTTP/1.1 200 OK"
2026-09-11 09:21:51,362 - httpx - INFO - HTTP Request: GET https://api.open-meteo.com/v1/forecast?latitude=27.3314&longitude=88.6138&past_days=3&forecast_days=1&daily=precipitation_sum&timezone=UTC "HTTP/1.1 200 OK"
2026-09-11 09:21:51,362 - httpx - INFO - HTTP Request: GET https://api.open-meteo.com/v1/forecast?latitude=27.3314&longitude=88.6138&past_days=3&forecast_days=1&daily=precipitation_sum&timezone=UTC "HTTP/1.1 200 OK"
2026-09-11 09:21:51,362 - httpx - INFO - HTTP Request: GET https://api.open-meteo.com/v1/forecast?latitude=27.3314&longitude=88.6138&past_days=3&forecast_days=1&daily=precipitation_sum&timezone=UTC "HTTP/1.1 200 OK"
2026-09-11 09:21:51,363 - httpx - INFO - HTTP Request: GET https://api.open-meteo.com/v1/forecast?latitude=27.3314&longitude=88.6138&past_days=3&forecast_days=1&daily=precipitation_sum&timezone=UTC "HTTP/1.1 200 OK"
2026-09-11 09:21:51,363 - httpx - INFO - HTTP Request: GET https://api.open-meteo.com/v1/forecast?latitude=27.3314&longitude=88.6138&past_days=3&forecast_days=1&daily=precipitation_sum&timezone=UTC "HTTP/1.1 200 OK"
2026-09-11 09:21:51,363 - httpx - INFO - HTTP Request: GET https://api.open-meteo.com/v1/forecast?latitude=27.3314&longitude=88.6138&past_days=3&forecast_days=1&daily=precipitation_sum&timezone=UTC "HTTP/1.1 200 OK"
2026-09-11 09:21:51,363 - httpx - INFO - HTTP Request: GET https://api.open-meteo.com/v1/forecast?latitude=27.3314&longitude=88.6138&past_days=3&forecast_days=1&daily=precipitation_sum&timezone=UTC "HTTP/1.1 200 OK"
2026-09-11 09:21:51,364 - httpx - INFO - HTTP Request: GET https://api.open-meteo.com/v1/forecast?latitude=27.3314&longitude=88.6138&past_days=3&forecast_days=1&daily=precipitation_sum&timezone=UTC "HTTP/1.1 200 OK"
2026-09-11 09:21:51,364 - httpx - INFO - HTTP Request: GET https://api.open-meteo.com/v1/forecast?latitude=27.3314&longitude=88.6138&past_days=3&forecast_days=1&daily=precipitation_sum&timezone=UTC "HTTP/1.1 200 OK"
2026-09-11 09:21:51,364 - httpx - INFO - HTTP Request: GET https://api.open-meteo.com/v1/forecast?latitude=27.3314&longitude=88.6138&past_days=3&forecast_days=1&daily=precipitation_sum&timezone=UTC "HTTP/1.1 200 OK"
2026-09-11 09:21:51,364 - httpx - INFO - HTTP Request: GET https://api.open-meteo.com/v1/forecast?latitude=27.3314&longitude=88.6138&past_days=3&forecast_days=1&daily=precipitation_sum&timezone=UTC "HTTP/1.1 200 OK"
2026-09-11 09:21:51,365 - httpx - INFO - HTTP Request: GET https://api.open-meteo.com/v1/forecast?latitude=27.3314&longitude=88.6138&past_days=3&forecast_days=1&daily=precipitation_sum&timezone=UTC "HTTP/1.1 200 OK"
2026-09-11 09:21:51,365 - httpx - INFO - HTTP Request: GET https://api.open-meteo.com/v1/forecast?latitude=27.3314&longitude=88.6138&past_days=3&forecast_days=1&daily=precipitation_sum&timezone=UTC "HTTP/1.1 200 OK"
2026-09-11 09:21:51,365 - httpx - INFO - HTTP Request: GET https://api.open-meteo.com/v1/forecast?latitude=27.3314&longitude=88.6138&past_days=3&forecast_days=1&daily=precipitation_sum&timezone=UTC "HTTP/1.1 200 OK"
2026-09-11 09:21:51,365 - httpx - INFO - HTTP Request: GET https://api.open-meteo.com/v1/forecast?latitude=27.3314&longitude=88.6138&past_days=3&forecast_days=1&daily=precipitation_sum&timezone=UTC "HTTP/1.1 200 OK"
2026-09-11 09:21:51,365 - httpx - INFO - HTTP Request: GET https://api.open-meteo.com/v1/forecast?latitude=27.3314&longitude=88.6138&past_days=3&forecast_days=1&daily=precipitation_sum&timezone=UTC "HTTP/1.1 200 OK"
2026-09-11 09:21:51,366 - httpx - INFO - HTTP Request: GET https://api.open-meteo.com/v1/forecast?latitude=27.3314&longitude=88.6138&past_days=3&forecast_days=1&daily=precipitation_sum&timezone=UTC "HTTP/1.1 200 OK"
2026-09-11 09:21:51,366 - httpx - INFO - HTTP Request: GET https://api.open-meteo.com/v1/forecast?latitude=27.3314&longitude=88.6138&past_days=3&forecast_days=1&daily=precipitation_sum&timezone=UTC "HTTP/1.1 200 OK"
2026-09-11 09:21:51,366 - httpx - INFO - HTTP Request: GET https://api.open-meteo.com/v1/forecast?latitude=27.3314&longitude=88.6138&past_days=3&forecast_days=1&daily=precipitation_sum&timezone=UTC "HTTP/1.1 200 OK"
2026-09-11 09:21:51,366 - httpx - INFO - HTTP Request: GET https://api.open-meteo.com/v1/forecast?latitude=27.3314&longitude=88.6138&past_days=3&forecast_days=1&daily=precipitation_sum&timezone=UTC "HTTP/1.1 200 OK"
2026-09-11 09:21:51,367 - httpx - INFO - HTTP Request: GET https://api.open-meteo.com/v1/forecast?latitude=27.3314&longitude=88.6138&past_days=3&forecast_days=1&daily=precipitation_sum&timezone=UTC "HTTP/1.1 200 OK"
2026-09-11 09:21:51,367 - httpx - INFO - HTTP Request: GET https://api.open-meteo.com/v1/forecast?latitude=27.3314&longitude=88.6138&past_days=3&forecast_days=1&daily=precipitation_sum&timezone=UTC "HTTP/1.1 200 OK"
2026-09-11 09:21:51,367 - httpx - INFO - HTTP Request: GET https://api.open-meteo.com/v1/forecast?latitude=27.3314&longitude=88.6138&past_days=3&forecast_days=1&daily=precipitation_sum&timezone=UTC "HTTP/1.1 200 OK"
2026-09-11 09:21:51,367 - httpx - INFO - HTTP Request: GET https://api.open-meteo.com/v1/forecast?latitude=27.3314&longitude=88.6138&past_days=3&forecast_days=1&daily=precipitation_sum&timezone=UTC "HTTP/1.1 200 OK"
2026-09-11 09:21:51,367 - httpx - INFO - HTTP Request: GET https://api.open-meteo.com/v1/forecast?latitude=27.3314&longitude=88.6138&past_days=3&forecast_days=1&daily=precipitation_sum&timezone=UTC "HTTP/1.1 200 OK"
2026-09-11 09:21:51,368 - httpx - INFO - HTTP Request: GET https://api.open-meteo.com/v1/forecast?latitude=27.3314&longitude=88.6138&past_days=3&forecast_days=1&daily=precipitation_sum&timezone=UTC "HTTP/1.1 200 OK"
2026-09-11 09:21:51,368 - httpx - INFO - HTTP Request: GET https://api.open-meteo.com/v1/forecast?latitude=27.3314&longitude=88.6138&past_days=3&forecast_days=1&daily=precipitation_sum&timezone=UTC "HTTP/1.1 200 OK"
2026-09-11 09:21:51,368 - httpx - INFO - HTTP Request: GET https://api.open-meteo.com/v1/forecast?latitude=27.3314&longitude=88.6138&past_days=3&forecast_days=1&daily=precipitation_sum&timezone=UTC "HTTP/1.1 200 OK"
2026-09-11 09:21:51,368 - httpx - INFO - HTTP Request: GET https://api.open-meteo.com/v1/forecast?latitude=27.3314&longitude=88.6138&past_days=3&forecast_days=1&daily=precipitation_sum&timezone=UTC "HTTP/1.1 200 OK"
2026-09-11 09:21:51,369 - httpx - INFO - HTTP Request: GET https://api.open-meteo.com/v1/forecast?latitude=27.3314&longitude=88.6138&past_days=3&forecast_days=1&daily=precipitation_sum&timezone=UTC "HTTP/1.1 429 Too Many Requests"
2026-09-11 09:21:51,369 - httpx - INFO - HTTP Request: GET https://api.open-meteo.com/v1/forecast?latitude=27.3314&longitude=88.6138&past_days=3&forecast_days=1&daily=precipitation_sum&timezone=UTC "HTTP/1.1 200 OK"
2026-09-11 09:21:51,369 - httpx - INFO - HTTP Request: GET https://api.open-meteo.com/v1/forecast?latitude=27.3314&longitude=88.6138&past_days=3&forecast_days=1&daily=precipitation_sum&timezone=UTC "HTTP/1.1 200 OK"
2026-09-11 09:21:51,369 - httpx - INFO - HTTP Request: GET https://api.open-meteo.com/v1/forecast?latitude=27.3314&longitude=88.6138&past_days=3&forecast_days=1&daily=precipitation_sum&timezone=UTC "HTTP/1.1 200 OK"
2026-09-11 09:21:51,370 - httpx - INFO - HTTP Request: GET https://api.open-meteo.com/v1/forecast?latitude=27.3314&longitude=88.6138&past_days=3&forecast_days=1&daily=precipitation_sum&timezone=UTC "HTTP/1.1 200 OK"
2026-09-11 09:21:51,370 - httpx - INFO - HTTP Request: GET https://api.open-meteo.com/v1/forecast?latitude=27.3314&longitude=88.6138&past_days=3&forecast_days=1&daily=precipitation_sum&timezone=UTC "HTTP/1.1 200 OK"
2026-09-11 09:21:51,370 - httpx - INFO - HTTP Request: GET https://api.open-meteo.com/v1/forecast?latitude=27.3314&longitude=88.6138&past_days=3&forecast_days=1&daily=precipitation_sum&timezone=UTC "HTTP/1.1 200 OK"
2026-09-11 09:21:51,370 - httpx - INFO - HTTP Request: GET https://api.open-meteo.com/v1/forecast?latitude=27.3314&longitude=88.6138&past_days=3&forecast_days=1&daily=precipitation_sum&timezone=UTC "HTTP/1.1 200 OK"
2026-09-11 09:21:51,371 - httpx - INFO - HTTP Request: GET https://api.open-meteo.com/v1/forecast?latitude=27.3314&longitude=88.6138&past_days=3&forecast_days=1&daily=precipitation_sum&timezone=UTC "HTTP/1.1 200 OK"
2026-09-11 09:21:51,372 - httpx - INFO - HTTP Request: GET https://api.open-meteo.com/v1/forecast?latitude=27.3314&longitude=88.6138&past_days=3&forecast_days=1&daily=precipitation_sum&timezone=UTC "HTTP/1.1 200 OK"
2026-09-11 09:21:51,372 - httpx - INFO - HTTP Request: GET https://api.open-meteo.com/v1/forecast?latitude=27.3314&longitude=88.6138&past_days=3&forecast_days=1&daily=precipitation_sum&timezone=UTC "HTTP/1.1 200 OK"
2026-09-11 09:21:51,373 - httpx - INFO - HTTP Request: GET https://api.open-meteo.com/v1/forecast?latitude=27.3314&longitude=88.6138&past_days=3&forecast_days=1&daily=precipitation_sum&timezone=UTC "HTTP/1.1 200 OK"
2026-09-11 09:21:51,373 - httpx - INFO - HTTP Request: GET https://api.open-meteo.com/v1/forecast?latitude=27.3314&longitude=88.6138&past_days=3&forecast_days=1&daily=precipitation_sum&timezone=UTC "HTTP/1.1 200 OK"
2026-09-11 09:21:51,373 - httpx - INFO - HTTP Request: GET https://api.open-meteo.com/v1/forecast?latitude=27.3314&longitude=88.6138&past_days=3&forecast_days=1&daily=precipitation_sum&timezone=UTC "HTTP/1.1 200 OK"
2026-09-11 09:21:51,374 - httpx - INFO - HTTP Request: GET https://api.open-meteo.com/v1/forecast?latitude=27.3314&longitude=88.6138&past_days=3&forecast_days=1&daily=precipitation_sum&timezone=UTC "HTTP/1.1 200 OK"
2026-09-11 09:21:51,374 - httpx - INFO - HTTP Request: GET https://api.open-meteo.com/v1/forecast?latitude=27.3314&longitude=88.6138&past_days=3&forecast_days=1&daily=precipitation_sum&timezone=UTC "HTTP/1.1 200 OK"
2026-09-11 09:21:51,374 - httpx - INFO - HTTP Request: GET https://api.open-meteo.com/v1/forecast?latitude=27.3314&longitude=88.6138&past_days=3&forecast_days=1&daily=precipitation_sum&timezone=UTC "HTTP/1.1 200 OK"
2026-09-11 09:21:51,374 - httpx - INFO - HTTP Request: GET https://api.open-meteo.com/v1/forecast?latitude=27.3314&longitude=88.6138&past_days=3&forecast_days=1&daily=precipitation_sum&timezone=UTC "HTTP/1.1 200 OK"
2026-09-11 09:21:51,375 - httpx - INFO - HTTP Request: GET https://api.open-meteo.com/v1/forecast?latitude=27.3314&longitude=88.6138&past_days=3&forecast_days=1&daily=precipitation_sum&timezone=UTC "HTTP/1.1 200 OK"
2026-09-11 09:21:51,375 - httpx - INFO - HTTP Request: GET https://api.open-meteo.com/v1/forecast?latitude=27.3314&longitude=88.6138&past_days=3&forecast_days=1&daily=precipitation_sum&timezone=UTC "HTTP/1.1 200 OK"
2026-09-11 09:21:51,375 - httpx - INFO - HTTP Request: GET https://api.open-meteo.com/v1/forecast?latitude=27.3314&longitude=88.6138&past_days=3&forecast_days=1&daily=precipitation_sum&timezone=UTC "HTTP/1.1 200 OK"
2026-09-11 09:21:51,375 - httpx - INFO - HTTP Request: GET https://api.open-meteo.com/v1/forecast?latitude=27.3314&longitude=88.6138&past_days=3&forecast_days=1&daily=precipitation_sum&timezone=UTC "HTTP/1.1 200 OK"
2026-09-11 09:21:51,375 - httpx - INFO - HTTP Request: GET https://api.open-meteo.com/v1/forecast?latitude=27.3314&longitude=88.6138&past_days=3&forecast_days=1&daily=precipitation_sum&timezone=UTC "HTTP/1.1 200 OK"
2026-09-11 09:21:51,376 - httpx - INFO - HTTP Request: GET https://api.open-meteo.com/v1/forecast?latitude=27.3314&longitude=88.6138&past_days=3&forecast_days=1&daily=precipitation_sum&timezone=UTC "HTTP/1.1 200 OK"
2026-09-11 09:21:51,376 - httpx - INFO - HTTP Request: GET https://api.open-meteo.com/v1/forecast?latitude=27.3314&longitude=88.6138&past_days=3&forecast_days=1&daily=precipitation_sum&timezone=UTC "HTTP/1.1 200 OK"
2026-09-11 09:21:51,376 - httpx - INFO - HTTP Request: GET https://api.open-meteo.com/v1/forecast?latitude=27.3314&longitude=88.6138&past_days=3&forecast_days=1&daily=precipitation_sum&timezone=UTC "HTTP/1.1 200 OK"
2026-09-11 09:21:51,386 - services.ingestion.openmeteo - ERROR - Failed to fetch data from Open-Meteo: Client error '429 Too Many Requests' for url 'https://api.open-meteo.com/v1/forecast?latitude=27.3314&longitude=88.6138&past_days=3&forecast_days=1&daily=precipitation_sum&timezone=UTC'
For more information check: https://developer.mozilla.org/en-US/docs/Web/HTTP/Status/429
2026-09-11 09:21:51,393 - services.fusion.pipeline - INFO - ML Model blocked inference: Model is blocked pending authoritative NER labels.
2026-09-11 09:21:51,393 - services.fusion.pipeline - INFO - ML Model blocked inference: Model is blocked pending authoritative NER labels.
2026-09-11 09:21:51,394 - services.fusion.pipeline - INFO - ML Model blocked inference: Model is blocked pending authoritative NER labels.
2026-09-11 09:21:51,394 - services.fusion.pipeline - INFO - ML Model blocked inference: Model is blocked pending authoritative NER labels.
2026-09-11 09:21:51,395 - services.fusion.pipeline - INFO - ML Model blocked inference: Model is blocked pending authoritative NER labels.
2026-09-11 09:21:51,395 - services.fusion.pipeline - INFO - ML Model blocked inference: Model is blocked pending authoritative NER labels.
2026-09-11 09:21:51,395 - services.fusion.pipeline - INFO - ML Model blocked inference: Model is blocked pending authoritative NER labels.
2026-09-11 09:21:51,396 - services.fusion.pipeline - INFO - ML Model blocked inference: Model is blocked pending authoritative NER labels.
2026-09-11 09:21:51,396 - services.fusion.pipeline - INFO - ML Model blocked inference: Model is blocked pending authoritative NER labels.
2026-09-11 09:21:51,396 - services.fusion.pipeline - INFO - ML Model blocked inference: Model is blocked pending authoritative NER labels.
2026-09-11 09:21:51,397 - services.fusion.pipeline - INFO - ML Model blocked inference: Model is blocked pending authoritative NER labels.
2026-09-11 09:21:51,397 - services.fusion.pipeline - INFO - ML Model blocked inference: Model is blocked pending authoritative NER labels.
2026-09-11 09:21:51,397 - services.fusion.pipeline - INFO - ML Model blocked inference: Model is blocked pending authoritative NER labels.
2026-09-11 09:21:51,397 - services.fusion.pipeline - INFO - ML Model blocked inference: Model is blocked pending authoritative NER labels.
2026-09-11 09:21:51,397 - services.fusion.pipeline - INFO - ML Model blocked inference: Model is blocked pending authoritative NER labels.
2026-09-11 09:21:51,397 - services.fusion.pipeline - INFO - ML Model blocked inference: Model is blocked pending authoritative NER labels.
2026-09-11 09:21:51,397 - services.fusion.pipeline - INFO - ML Model blocked inference: Model is blocked pending authoritative NER labels.
2026-09-11 09:21:51,397 - services.fusion.pipeline - INFO - ML Model blocked inference: Model is blocked pending authoritative NER labels.
2026-09-11 09:21:51,397 - services.fusion.pipeline - INFO - ML Model blocked inference: Model is blocked pending authoritative NER labels.
2026-09-11 09:21:51,397 - services.fusion.pipeline - INFO - ML Model blocked inference: Model is blocked pending authoritative NER labels.
2026-09-11 09:21:51,398 - services.fusion.pipeline - INFO - ML Model blocked inference: Model is blocked pending authoritative NER labels.
2026-09-11 09:21:51,398 - services.fusion.pipeline - INFO - ML Model blocked inference: Model is blocked pending authoritative NER labels.
2026-09-11 09:21:51,398 - services.fusion.pipeline - INFO - ML Model blocked inference: Model is blocked pending authoritative NER labels.
2026-09-11 09:21:51,398 - services.fusion.pipeline - INFO - ML Model blocked inference: Model is blocked pending authoritative NER labels.
2026-09-11 09:21:51,398 - services.fusion.pipeline - INFO - ML Model blocked inference: Model is blocked pending authoritative NER labels.
2026-09-11 09:21:51,398 - services.fusion.pipeline - INFO - ML Model blocked inference: Model is blocked pending authoritative NER labels.
2026-09-11 09:21:51,398 - services.fusion.pipeline - INFO - ML Model blocked inference: Model is blocked pending authoritative NER labels.
2026-09-11 09:21:51,423 - services.fusion.pipeline - INFO - ML Model blocked inference: Model is blocked pending authoritative NER labels.
2026-09-11 09:21:51,423 - services.fusion.pipeline - INFO - ML Model blocked inference: Model is blocked pending authoritative NER labels.
2026-09-11 09:21:51,424 - services.fusion.pipeline - INFO - ML Model blocked inference: Model is blocked pending authoritative NER labels.
2026-09-11 09:21:51,424 - services.fusion.pipeline - INFO - ML Model blocked inference: Model is blocked pending authoritative NER labels.
2026-09-11 09:21:51,425 - services.fusion.pipeline - INFO - ML Model blocked inference: Model is blocked pending authoritative NER labels.
2026-09-11 09:21:51,425 - services.fusion.pipeline - INFO - ML Model blocked inference: Model is blocked pending authoritative NER labels.
2026-09-11 09:21:51,426 - services.fusion.pipeline - INFO - ML Model blocked inference: Model is blocked pending authoritative NER labels.
2026-09-11 09:21:51,426 - services.fusion.pipeline - INFO - ML Model blocked inference: Model is blocked pending authoritative NER labels.
2026-09-11 09:21:51,427 - services.fusion.pipeline - INFO - ML Model blocked inference: Model is blocked pending authoritative NER labels.
2026-09-11 09:21:51,427 - services.fusion.pipeline - INFO - ML Model blocked inference: Model is blocked pending authoritative NER labels.
2026-09-11 09:21:51,428 - services.fusion.pipeline - INFO - ML Model blocked inference: Model is blocked pending authoritative NER labels.
2026-09-11 09:21:51,429 - services.fusion.pipeline - INFO - ML Model blocked inference: Model is blocked pending authoritative NER labels.
2026-09-11 09:21:51,430 - services.fusion.pipeline - INFO - ML Model blocked inference: Model is blocked pending authoritative NER labels.
2026-09-11 09:21:51,435 - services.fusion.pipeline - INFO - ML Model blocked inference: Model is blocked pending authoritative NER labels.
2026-09-11 09:21:51,435 - services.fusion.pipeline - INFO - ML Model blocked inference: Model is blocked pending authoritative NER labels.
2026-09-11 09:21:51,436 - services.fusion.pipeline - INFO - ML Model blocked inference: Model is blocked pending authoritative NER labels.
2026-09-11 09:21:51,436 - services.fusion.pipeline - INFO - ML Model blocked inference: Model is blocked pending authoritative NER labels.
2026-09-11 09:21:51,437 - services.fusion.pipeline - INFO - ML Model blocked inference: Model is blocked pending authoritative NER labels.
2026-09-11 09:21:51,437 - services.fusion.pipeline - INFO - ML Model blocked inference: Model is blocked pending authoritative NER labels.
2026-09-11 09:21:51,438 - services.fusion.pipeline - INFO - ML Model blocked inference: Model is blocked pending authoritative NER labels.
2026-09-11 09:21:51,439 - services.fusion.pipeline - INFO - ML Model blocked inference: Model is blocked pending authoritative NER labels.
2026-09-11 09:21:51,440 - services.fusion.pipeline - INFO - ML Model blocked inference: Model is blocked pending authoritative NER labels.
2026-09-11 09:21:51,440 - services.fusion.pipeline - INFO - ML Model blocked inference: Model is blocked pending authoritative NER labels.
2026-09-11 09:21:51,441 - services.fusion.pipeline - INFO - ML Model blocked inference: Model is blocked pending authoritative NER labels.
2026-09-11 09:21:51,441 - services.fusion.pipeline - INFO - ML Model blocked inference: Model is blocked pending authoritative NER labels.
2026-09-11 09:21:51,442 - services.fusion.pipeline - INFO - ML Model blocked inference: Model is blocked pending authoritative NER labels.
2026-09-11 09:21:51,442 - services.fusion.pipeline - INFO - ML Model blocked inference: Model is blocked pending authoritative NER labels.
2026-09-11 09:21:51,443 - services.fusion.pipeline - INFO - ML Model blocked inference: Model is blocked pending authoritative NER labels.
2026-09-11 09:21:51,443 - services.fusion.pipeline - INFO - ML Model blocked inference: Model is blocked pending authoritative NER labels.
2026-09-11 09:21:51,444 - services.fusion.pipeline - INFO - ML Model blocked inference: Model is blocked pending authoritative NER labels.
2026-09-11 09:21:51,444 - services.fusion.pipeline - INFO - ML Model blocked inference: Model is blocked pending authoritative NER labels.
2026-09-11 09:21:51,445 - services.fusion.pipeline - INFO - ML Model blocked inference: Model is blocked pending authoritative NER labels.
2026-09-11 09:21:51,445 - services.fusion.pipeline - INFO - ML Model blocked inference: Model is blocked pending authoritative NER labels.
2026-09-11 09:21:51,446 - services.fusion.pipeline - INFO - ML Model blocked inference: Model is blocked pending authoritative NER labels.
2026-09-11 09:21:51,446 - services.fusion.pipeline - INFO - ML Model blocked inference: Model is blocked pending authoritative NER labels.
2026-09-11 09:21:51,447 - services.fusion.pipeline - INFO - ML Model blocked inference: Model is blocked pending authoritative NER labels.
2026-09-11 09:21:51,447 - services.fusion.pipeline - INFO - ML Model blocked inference: Model is blocked pending authoritative NER labels.
2026-09-11 09:21:51,448 - services.fusion.pipeline - INFO - ML Model blocked inference: Model is blocked pending authoritative NER labels.
2026-09-11 09:21:51,448 - services.fusion.pipeline - INFO - ML Model blocked inference: Model is blocked pending authoritative NER labels.
2026-09-11 09:21:51,450 - services.fusion.pipeline - INFO - ML Model blocked inference: Model is blocked pending authoritative NER labels.
2026-09-11 09:21:51,451 - services.fusion.pipeline - INFO - ML Model blocked inference: Model is blocked pending authoritative NER labels.
2026-09-11 09:21:51,452 - services.fusion.pipeline - INFO - ML Model blocked inference: Model is blocked pending authoritative NER labels.
2026-09-11 09:21:51,453 - services.fusion.pipeline - INFO - ML Model blocked inference: Model is blocked pending authoritative NER labels.
2026-09-11 09:21:51,454 - services.fusion.pipeline - INFO - ML Model blocked inference: Model is blocked pending authoritative NER labels.
2026-09-11 09:21:51,455 - services.fusion.pipeline - INFO - ML Model blocked inference: Model is blocked pending authoritative NER labels.
2026-09-11 09:21:51,455 - services.fusion.pipeline - INFO - ML Model blocked inference: Model is blocked pending authoritative NER labels.
2026-09-11 09:21:51,456 - services.fusion.pipeline - INFO - ML Model blocked inference: Model is blocked pending authoritative NER labels.
2026-09-11 09:21:51,457 - services.fusion.pipeline - INFO - ML Model blocked inference: Model is blocked pending authoritative NER labels.
2026-09-11 09:21:51,457 - services.fusion.pipeline - INFO - ML Model blocked inference: Model is blocked pending authoritative NER labels.
2026-09-11 09:21:51,458 - services.fusion.pipeline - INFO - ML Model blocked inference: Model is blocked pending authoritative NER labels.
2026-09-11 09:21:51,458 - services.fusion.pipeline - INFO - ML Model blocked inference: Model is blocked pending authoritative NER labels.
2026-09-11 09:21:51,459 - services.fusion.pipeline - INFO - ML Model blocked inference: Model is blocked pending authoritative NER labels.
2026-09-11 09:21:52,306 - services.fusion.pipeline - INFO - [c17c1b10-6a65-4be7-a26e-6f88de873faa] Fusion pipeline completed. Hazard Evidence Score: 0.511
2026-09-11 09:21:52,325 - services.fusion.pipeline - INFO - [7349e117-969b-4e0b-bde5-37f6e8f5a09c] Fusion pipeline completed. Hazard Evidence Score: 0.511
2026-09-11 09:21:52,424 - services.fusion.pipeline - INFO - [cca2593d-8051-4d1b-9319-56f1816d1100] Fusion pipeline completed. Hazard Evidence Score: 0.511
2026-09-11 09:21:52,430 - services.fusion.pipeline - INFO - [e08aefc8-8154-4342-b535-afa298d0aae6] Fusion pipeline completed. Hazard Evidence Score: 0.511
2026-09-11 09:21:52,500 - services.fusion.pipeline - INFO - [ab235038-8896-4c19-9dea-d46b6acd98aa] Fusion pipeline completed. Hazard Evidence Score: 0.511
2026-09-11 09:21:52,507 - services.fusion.pipeline - INFO - [eebb1ada-2d4c-4908-919f-6e7f7fd91860] Fusion pipeline completed. Hazard Evidence Score: 0.511
2026-09-11 09:21:52,580 - services.fusion.pipeline - INFO - [bc22ef41-d702-423d-9c1d-046c1d627df5] Fusion pipeline completed. Hazard Evidence Score: 0.511
2026-09-11 09:21:52,596 - services.fusion.pipeline - INFO - [59296e32-fd73-48fc-a78c-4ff327509150] Fusion pipeline completed. Hazard Evidence Score: 0.511
2026-09-11 09:21:52,601 - services.fusion.pipeline - INFO - [e15df660-c9b3-473d-aa5c-e0902278cbb4] Fusion pipeline completed. Hazard Evidence Score: 0.511
2026-09-11 09:21:52,694 - services.fusion.pipeline - INFO - [169a109a-57a0-4971-b430-8cb5e121f134] Fusion pipeline completed. Hazard Evidence Score: 0.511
2026-09-11 09:21:52,717 - services.fusion.pipeline - INFO - [6f8eb661-c41d-40f9-9107-1e4a71a231ad] Fusion pipeline completed. Hazard Evidence Score: 0.511
2026-09-11 09:21:52,725 - services.fusion.pipeline - INFO - [207ad6f7-55db-401c-84a8-467350597e4a] Fusion pipeline completed. Hazard Evidence Score: 0.511
2026-09-11 09:21:52,796 - services.fusion.pipeline - INFO - [0cb3dd91-2426-482b-9113-cc97cd8d9e5a] Fusion pipeline completed. Hazard Evidence Score: 0.511
2026-09-11 09:21:52,819 - services.fusion.pipeline - INFO - [adf7ea27-840c-4933-9e70-9c2366a29e2e] Fusion pipeline completed. Hazard Evidence Score: 0.511
2026-09-11 09:21:52,825 - services.fusion.pipeline - INFO - [66e1e36f-45d1-498c-b81b-3ceb29c76c22] Fusion pipeline completed. Hazard Evidence Score: 0.511
2026-09-11 09:21:52,893 - services.fusion.pipeline - INFO - [24e2ccad-fb74-46c0-83cd-84326a291cfe] Fusion pipeline completed. Hazard Evidence Score: 0.511
2026-09-11 09:21:52,985 - services.fusion.pipeline - INFO - [62ee68ed-899a-4ed4-b6f0-73e14d16c189] Fusion pipeline completed. Hazard Evidence Score: 0.511
2026-09-11 09:21:53,079 - services.fusion.pipeline - INFO - [ff2bf4d2-b809-412b-9b16-e433d670dcd5] Fusion pipeline completed. Hazard Evidence Score: 0.511
2026-09-11 09:21:53,123 - services.fusion.pipeline - INFO - [ff834e7e-197e-4230-8ce0-d734d4994c87] Fusion pipeline completed. Hazard Evidence Score: 0.511
2026-09-11 09:21:53,292 - services.fusion.pipeline - INFO - [812c893b-cd7e-4f66-b7b5-7935ec5414f1] Fusion pipeline completed. Hazard Evidence Score: 0.511
2026-09-11 09:21:53,321 - services.fusion.pipeline - INFO - [4ae31a77-6478-49d2-9b58-c7af4790b82e] Fusion pipeline completed. Hazard Evidence Score: 0.511
2026-09-11 09:21:53,382 - services.fusion.pipeline - INFO - [0f01d94b-7f1d-4d38-802f-2ccbc5bb904a] Fusion pipeline completed. Hazard Evidence Score: 0.511
2026-09-11 09:21:53,405 - services.fusion.pipeline - INFO - [49ab0ee2-ad54-4d27-ab66-5d2fd02b3ef3] Fusion pipeline completed. Hazard Evidence Score: 0.511
2026-09-11 09:21:53,432 - services.fusion.pipeline - INFO - [014e6a13-246a-44c6-b687-6e487b7b2f77] Fusion pipeline completed. Hazard Evidence Score: 0.511
2026-09-11 09:21:53,489 - services.fusion.pipeline - INFO - [8edfbecc-1b2c-480d-a041-5e2cdac2480c] Fusion pipeline completed. Hazard Evidence Score: 0.511
2026-09-11 09:21:53,510 - httpx - INFO - HTTP Request: POST https://overpass-api.de/api/interpreter "HTTP/1.1 200 OK"
2026-09-11 09:21:53,536 - services.fusion.pipeline - INFO - [6ebfb5f7-03f6-419e-bb12-981382c8bb14] Fusion pipeline completed. Hazard Evidence Score: 0.511
2026-09-11 09:21:53,542 - services.fusion.pipeline - INFO - [b062cbbb-6e13-4d88-8a5e-02c3736fd4ca] Fusion pipeline completed. Hazard Evidence Score: 0.511
2026-09-11 09:21:53,549 - services.fusion.pipeline - INFO - [22a86537-1836-47b8-9648-6f68838ad096] Fusion pipeline completed. Hazard Evidence Score: 0.511
2026-09-11 09:21:53,555 - services.fusion.pipeline - INFO - [53c75848-1c13-4e78-90cc-3bb57f0d2be3] Fusion pipeline completed. Hazard Evidence Score: 0.511
2026-09-11 09:21:53,613 - services.fusion.pipeline - INFO - [85532817-912c-4088-ad1e-c8bef7781512] Fusion pipeline completed. Hazard Evidence Score: 0.511
2026-09-11 09:21:53,633 - httpx - INFO - HTTP Request: POST https://overpass-api.de/api/interpreter "HTTP/1.1 200 OK"
2026-09-11 09:21:53,634 - services.fusion.pipeline - INFO - [9811c91f-66a0-4d4d-8ed9-4094b117fcea] Fusion pipeline completed. Hazard Evidence Score: 0.511
2026-09-11 09:21:53,642 - services.fusion.pipeline - INFO - [65afb08d-0b26-4a01-9de5-61e12b453982] Fusion pipeline completed. Hazard Evidence Score: 0.511
2026-09-11 09:21:53,700 - services.fusion.pipeline - INFO - [19530959-7a71-431e-8cb0-95872843dcac] Fusion pipeline completed. Hazard Evidence Score: 0.511
2026-09-11 09:21:53,706 - services.fusion.pipeline - INFO - [f390c042-4fd8-4892-a239-21bdfe82f2fe] Fusion pipeline completed. Hazard Evidence Score: 0.511
2026-09-11 09:21:53,711 - services.fusion.pipeline - INFO - [e393908a-584c-4502-adf6-9f7466bef291] Fusion pipeline completed. Hazard Evidence Score: 0.511
2026-09-11 09:21:53,717 - services.fusion.pipeline - INFO - [be42238d-dc6f-47b4-9a4c-abc44b16b7e9] Fusion pipeline completed. Hazard Evidence Score: 0.511
2026-09-11 09:21:53,769 - services.fusion.pipeline - INFO - [1364dca3-709a-4086-a9c0-af9f7077124d] Fusion pipeline completed. Hazard Evidence Score: 0.511
2026-09-11 09:21:53,776 - services.fusion.pipeline - INFO - [7cb609a2-506a-4de5-a17a-7bd676308ef3] Fusion pipeline completed. Hazard Evidence Score: 0.511
2026-09-11 09:21:53,781 - services.fusion.pipeline - INFO - [4885b012-d90e-479a-873f-91a7bf81dced] Fusion pipeline completed. Hazard Evidence Score: 0.511
2026-09-11 09:21:53,797 - services.fusion.pipeline - INFO - [852cda70-487c-4f6a-a20c-6fd683ba0f52] Fusion pipeline completed. Hazard Evidence Score: 0.511
2026-09-11 09:21:53,861 - services.fusion.pipeline - INFO - [6790c5a8-24f2-4152-b6ff-642b1b36f112] Fusion pipeline completed. Hazard Evidence Score: 0.511
2026-09-11 09:21:53,866 - services.fusion.pipeline - INFO - [fc37690e-1602-482e-a91c-0e589ad18b98] Fusion pipeline completed. Hazard Evidence Score: 0.511
2026-09-11 09:21:53,873 - services.fusion.pipeline - INFO - [ca9341ea-e318-4131-976c-a0161aa04677] Fusion pipeline completed. Hazard Evidence Score: 0.511
2026-09-11 09:21:53,895 - services.fusion.pipeline - INFO - [cc501649-08ff-4aee-8fc6-8c4e4322abe7] Fusion pipeline completed. Hazard Evidence Score: 0.511
2026-09-11 09:21:53,940 - services.fusion.pipeline - INFO - [bf407548-8d0d-4bf1-8506-715976e2141f] Fusion pipeline completed. Hazard Evidence Score: 0.511
2026-09-11 09:21:53,946 - services.fusion.pipeline - INFO - [b25fdda1-0f3a-4cfb-9457-d38779dd110a] Fusion pipeline completed. Hazard Evidence Score: 0.511
2026-09-11 09:21:53,952 - services.fusion.pipeline - INFO - [d104ffc2-5fd7-47fb-a223-91f100b6c1cd] Fusion pipeline completed. Hazard Evidence Score: 0.511
2026-09-11 09:21:53,984 - services.fusion.pipeline - INFO - [8eac85c8-9300-4327-8ba2-5879b449ec58] Fusion pipeline completed. Hazard Evidence Score: 0.511
2026-09-11 09:21:54,019 - services.fusion.pipeline - INFO - [8cf138ea-f0e4-45ff-8a07-6cd9584d7f37] Fusion pipeline completed. Hazard Evidence Score: 0.511
2026-09-11 09:21:54,025 - services.fusion.pipeline - INFO - [23e0e705-a10c-42fe-94f4-2fc3a48a8dce] Fusion pipeline completed. Hazard Evidence Score: 0.511
2026-09-11 09:21:54,030 - services.fusion.pipeline - INFO - [e0ffc26a-7a70-4d4e-ada0-ff0e810f022e] Fusion pipeline completed. Hazard Evidence Score: 0.425
2026-09-11 09:21:54,048 - services.fusion.pipeline - INFO - [ab340fae-7712-401a-adf2-da7ca02cf178] Fusion pipeline completed. Hazard Evidence Score: 0.511
2026-09-11 09:21:54,087 - services.fusion.pipeline - INFO - [1851cbd4-ec21-47d9-bc22-1188415f31e6] Fusion pipeline completed. Hazard Evidence Score: 0.511
2026-09-11 09:21:54,093 - services.fusion.pipeline - INFO - [7966d112-49b3-4935-91c0-edf737a501a3] Fusion pipeline completed. Hazard Evidence Score: 0.511
2026-09-11 09:21:54,098 - services.fusion.pipeline - INFO - [dd78ee14-ed55-4d42-b8df-56789e8435cc] Fusion pipeline completed. Hazard Evidence Score: 0.511
2026-09-11 09:21:54,102 - services.fusion.pipeline - INFO - [48bc347a-c700-4be0-a411-c5e3f97ab5d0] Fusion pipeline completed. Hazard Evidence Score: 0.511
2026-09-11 09:21:54,177 - services.fusion.pipeline - INFO - [3891f2d4-1d34-465c-b196-3d84fe5b66bd] Fusion pipeline completed. Hazard Evidence Score: 0.511
2026-09-11 09:21:54,184 - services.fusion.pipeline - INFO - [73edde78-d647-48b3-aaa4-312fc201586f] Fusion pipeline completed. Hazard Evidence Score: 0.511
2026-09-11 09:21:54,189 - services.fusion.pipeline - INFO - [9eb2c514-47ad-45a0-9a1f-b7b96143fe38] Fusion pipeline completed. Hazard Evidence Score: 0.511
2026-09-11 09:21:54,196 - services.fusion.pipeline - INFO - [009e4814-47fd-4931-857b-3e890072a378] Fusion pipeline completed. Hazard Evidence Score: 0.511
2026-09-11 09:21:54,244 - services.fusion.pipeline - INFO - [3598b6a6-41fa-423e-96a4-e5cc3e11a9c1] Fusion pipeline completed. Hazard Evidence Score: 0.511
2026-09-11 09:21:54,249 - services.fusion.pipeline - INFO - [e21d5594-aacc-40d3-9d1c-b6d627652532] Fusion pipeline completed. Hazard Evidence Score: 0.511
2026-09-11 09:21:54,254 - services.fusion.pipeline - INFO - [48196838-b0b3-4680-91cd-7ed262cf6bb4] Fusion pipeline completed. Hazard Evidence Score: 0.511
2026-09-11 09:21:54,260 - services.fusion.pipeline - INFO - [3ece97a0-a358-4faf-a6bf-781a0eebc083] Fusion pipeline completed. Hazard Evidence Score: 0.511
2026-09-11 09:21:54,314 - services.fusion.pipeline - INFO - [53ffaef9-f095-47e5-9456-9e115f276223] Fusion pipeline completed. Hazard Evidence Score: 0.511
2026-09-11 09:21:54,321 - services.fusion.pipeline - INFO - [29c75d37-6d79-4fbb-857b-7663c9def055] Fusion pipeline completed. Hazard Evidence Score: 0.511
2026-09-11 09:21:54,326 - services.fusion.pipeline - INFO - [2a468fb4-6061-4d6a-ac99-dd12cf7cdba9] Fusion pipeline completed. Hazard Evidence Score: 0.511
2026-09-11 09:21:54,332 - services.fusion.pipeline - INFO - [7db316db-aff3-49c5-8079-820db0a560b7] Fusion pipeline completed. Hazard Evidence Score: 0.511
2026-09-11 09:21:54,390 - services.fusion.pipeline - INFO - [5bc3f8d3-b145-4f59-ae39-23fc7550af7e] Fusion pipeline completed. Hazard Evidence Score: 0.511
2026-09-11 09:21:54,395 - services.fusion.pipeline - INFO - [28c169e4-d9e9-437d-aa4f-28130fdbfbc9] Fusion pipeline completed. Hazard Evidence Score: 0.511
2026-09-11 09:21:54,401 - services.fusion.pipeline - INFO - [c9696d50-69cc-401e-b36e-7d6182a9674b] Fusion pipeline completed. Hazard Evidence Score: 0.511
2026-09-11 09:21:54,408 - services.fusion.pipeline - INFO - [4ddadb63-c0e9-4656-bd50-acd325b4e347] Fusion pipeline completed. Hazard Evidence Score: 0.511
2026-09-11 09:21:54,466 - services.fusion.pipeline - INFO - [d4c4c097-1f99-4ec3-82ed-e9364a36fb3b] Fusion pipeline completed. Hazard Evidence Score: 0.511
2026-09-11 09:21:54,478 - httpx - INFO - HTTP Request: POST https://overpass-api.de/api/interpreter "HTTP/1.1 429 Too Many Requests"
2026-09-11 09:21:54,478 - httpx - INFO - HTTP Request: POST https://overpass-api.de/api/interpreter "HTTP/1.1 429 Too Many Requests"
2026-09-11 09:21:54,479 - services.fusion.exposure - ERROR - Failed to fetch OSM Exposure data: Client error '429 Too Many Requests' for url 'https://overpass-api.de/api/interpreter'
For more information check: https://developer.mozilla.org/en-US/docs/Web/HTTP/Status/429
2026-09-11 09:21:54,479 - services.fusion.exposure - ERROR - Failed to fetch OSM Exposure data: Client error '429 Too Many Requests' for url 'https://overpass-api.de/api/interpreter'
For more information check: https://developer.mozilla.org/en-US/docs/Web/HTTP/Status/429
2026-09-11 09:21:54,484 - services.fusion.pipeline - INFO - [0933b934-213a-48d8-b8d6-c95686b05367] Fusion pipeline completed. Hazard Evidence Score: 0.511
2026-09-11 09:21:54,490 - httpx - INFO - HTTP Request: POST https://overpass-api.de/api/interpreter "HTTP/1.1 429 Too Many Requests"
2026-09-11 09:21:54,491 - services.fusion.exposure - ERROR - Failed to fetch OSM Exposure data: Client error '429 Too Many Requests' for url 'https://overpass-api.de/api/interpreter'
For more information check: https://developer.mozilla.org/en-US/docs/Web/HTTP/Status/429
2026-09-11 09:21:54,492 - httpx - INFO - HTTP Request: POST https://overpass-api.de/api/interpreter "HTTP/1.1 429 Too Many Requests"
2026-09-11 09:21:54,492 - services.fusion.exposure - ERROR - Failed to fetch OSM Exposure data: Client error '429 Too Many Requests' for url 'https://overpass-api.de/api/interpreter'
For more information check: https://developer.mozilla.org/en-US/docs/Web/HTTP/Status/429
2026-09-11 09:21:54,703 - httpx - INFO - HTTP Request: POST https://overpass-api.de/api/interpreter "HTTP/1.1 429 Too Many Requests"
2026-09-11 09:21:54,703 - services.fusion.exposure - ERROR - Failed to fetch OSM Exposure data: Client error '429 Too Many Requests' for url 'https://overpass-api.de/api/interpreter'
For more information check: https://developer.mozilla.org/en-US/docs/Web/HTTP/Status/429
2026-09-11 09:21:54,714 - httpx - INFO - HTTP Request: POST https://overpass-api.de/api/interpreter "HTTP/1.1 429 Too Many Requests"
2026-09-11 09:21:54,714 - services.fusion.exposure - ERROR - Failed to fetch OSM Exposure data: Client error '429 Too Many Requests' for url 'https://overpass-api.de/api/interpreter'
For more information check: https://developer.mozilla.org/en-US/docs/Web/HTTP/Status/429
2026-09-11 09:21:54,715 - httpx - INFO - HTTP Request: POST https://overpass-api.de/api/interpreter "HTTP/1.1 429 Too Many Requests"
2026-09-11 09:21:54,715 - services.fusion.exposure - ERROR - Failed to fetch OSM Exposure data: Client error '429 Too Many Requests' for url 'https://overpass-api.de/api/interpreter'
For more information check: https://developer.mozilla.org/en-US/docs/Web/HTTP/Status/429
2026-09-11 09:21:54,731 - httpx - INFO - HTTP Request: POST https://overpass-api.de/api/interpreter "HTTP/1.1 429 Too Many Requests"
2026-09-11 09:21:54,732 - services.fusion.exposure - ERROR - Failed to fetch OSM Exposure data: Client error '429 Too Many Requests' for url 'https://overpass-api.de/api/interpreter'
For more information check: https://developer.mozilla.org/en-US/docs/Web/HTTP/Status/429
2026-09-11 09:21:54,735 - httpx - INFO - HTTP Request: POST https://overpass-api.de/api/interpreter "HTTP/1.1 429 Too Many Requests"
2026-09-11 09:21:54,736 - services.fusion.exposure - ERROR - Failed to fetch OSM Exposure data: Client error '429 Too Many Requests' for url 'https://overpass-api.de/api/interpreter'
For more information check: https://developer.mozilla.org/en-US/docs/Web/HTTP/Status/429
2026-09-11 09:21:54,745 - httpx - INFO - HTTP Request: POST https://overpass-api.de/api/interpreter "HTTP/1.1 429 Too Many Requests"
2026-09-11 09:21:54,746 - services.fusion.exposure - ERROR - Failed to fetch OSM Exposure data: Client error '429 Too Many Requests' for url 'https://overpass-api.de/api/interpreter'
For more information check: https://developer.mozilla.org/en-US/docs/Web/HTTP/Status/429
2026-09-11 09:21:54,759 - httpx - INFO - HTTP Request: POST https://overpass-api.de/api/interpreter "HTTP/1.1 429 Too Many Requests"
2026-09-11 09:21:54,760 - services.fusion.exposure - ERROR - Failed to fetch OSM Exposure data: Client error '429 Too Many Requests' for url 'https://overpass-api.de/api/interpreter'
For more information check: https://developer.mozilla.org/en-US/docs/Web/HTTP/Status/429
2026-09-11 09:21:54,818 - httpx - INFO - HTTP Request: POST https://overpass-api.de/api/interpreter "HTTP/1.1 200 OK"
2026-09-11 09:21:54,826 - httpx - INFO - HTTP Request: POST https://overpass-api.de/api/interpreter "HTTP/1.1 429 Too Many Requests"
2026-09-11 09:21:54,827 - httpx - INFO - HTTP Request: POST https://overpass-api.de/api/interpreter "HTTP/1.1 429 Too Many Requests"
2026-09-11 09:21:54,827 - httpx - INFO - HTTP Request: POST https://overpass-api.de/api/interpreter "HTTP/1.1 429 Too Many Requests"
2026-09-11 09:21:54,827 - httpx - INFO - HTTP Request: POST https://overpass-api.de/api/interpreter "HTTP/1.1 429 Too Many Requests"
2026-09-11 09:21:54,828 - services.fusion.exposure - ERROR - Failed to fetch OSM Exposure data: Client error '429 Too Many Requests' for url 'https://overpass-api.de/api/interpreter'
For more information check: https://developer.mozilla.org/en-US/docs/Web/HTTP/Status/429
2026-09-11 09:21:54,828 - services.fusion.exposure - ERROR - Failed to fetch OSM Exposure data: Client error '429 Too Many Requests' for url 'https://overpass-api.de/api/interpreter'
For more information check: https://developer.mozilla.org/en-US/docs/Web/HTTP/Status/429
2026-09-11 09:21:54,828 - services.fusion.exposure - ERROR - Failed to fetch OSM Exposure data: Client error '429 Too Many Requests' for url 'https://overpass-api.de/api/interpreter'
For more information check: https://developer.mozilla.org/en-US/docs/Web/HTTP/Status/429
2026-09-11 09:21:54,829 - services.fusion.exposure - ERROR - Failed to fetch OSM Exposure data: Client error '429 Too Many Requests' for url 'https://overpass-api.de/api/interpreter'
For more information check: https://developer.mozilla.org/en-US/docs/Web/HTTP/Status/429
2026-09-11 09:21:54,830 - httpx - INFO - HTTP Request: POST https://overpass-api.de/api/interpreter "HTTP/1.1 429 Too Many Requests"
2026-09-11 09:21:54,831 - services.fusion.exposure - ERROR - Failed to fetch OSM Exposure data: Client error '429 Too Many Requests' for url 'https://overpass-api.de/api/interpreter'
For more information check: https://developer.mozilla.org/en-US/docs/Web/HTTP/Status/429
2026-09-11 09:21:54,855 - httpx - INFO - HTTP Request: POST https://overpass-api.de/api/interpreter "HTTP/1.1 429 Too Many Requests"
2026-09-11 09:21:54,856 - httpx - INFO - HTTP Request: POST https://overpass-api.de/api/interpreter "HTTP/1.1 429 Too Many Requests"
2026-09-11 09:21:54,856 - services.fusion.exposure - ERROR - Failed to fetch OSM Exposure data: Client error '429 Too Many Requests' for url 'https://overpass-api.de/api/interpreter'
For more information check: https://developer.mozilla.org/en-US/docs/Web/HTTP/Status/429
2026-09-11 09:21:54,857 - services.fusion.exposure - ERROR - Failed to fetch OSM Exposure data: Client error '429 Too Many Requests' for url 'https://overpass-api.de/api/interpreter'
For more information check: https://developer.mozilla.org/en-US/docs/Web/HTTP/Status/429
2026-09-11 09:21:54,867 - httpx - INFO - HTTP Request: POST https://overpass-api.de/api/interpreter "HTTP/1.1 429 Too Many Requests"
2026-09-11 09:21:54,868 - httpx - INFO - HTTP Request: POST https://overpass-api.de/api/interpreter "HTTP/1.1 429 Too Many Requests"
2026-09-11 09:21:54,868 - services.fusion.exposure - ERROR - Failed to fetch OSM Exposure data: Client error '429 Too Many Requests' for url 'https://overpass-api.de/api/interpreter'
For more information check: https://developer.mozilla.org/en-US/docs/Web/HTTP/Status/429
2026-09-11 09:21:54,869 - services.fusion.exposure - ERROR - Failed to fetch OSM Exposure data: Client error '429 Too Many Requests' for url 'https://overpass-api.de/api/interpreter'
For more information check: https://developer.mozilla.org/en-US/docs/Web/HTTP/Status/429
2026-09-11 09:21:54,872 - httpx - INFO - HTTP Request: POST https://overpass-api.de/api/interpreter "HTTP/1.1 429 Too Many Requests"
2026-09-11 09:21:54,873 - services.fusion.exposure - ERROR - Failed to fetch OSM Exposure data: Client error '429 Too Many Requests' for url 'https://overpass-api.de/api/interpreter'
For more information check: https://developer.mozilla.org/en-US/docs/Web/HTTP/Status/429
2026-09-11 09:21:54,938 - httpx - INFO - HTTP Request: POST https://overpass-api.de/api/interpreter "HTTP/1.1 429 Too Many Requests"
2026-09-11 09:21:54,939 - services.fusion.exposure - ERROR - Failed to fetch OSM Exposure data: Client error '429 Too Many Requests' for url 'https://overpass-api.de/api/interpreter'
For more information check: https://developer.mozilla.org/en-US/docs/Web/HTTP/Status/429
2026-09-11 09:21:54,940 - httpx - INFO - HTTP Request: POST https://overpass-api.de/api/interpreter "HTTP/1.1 429 Too Many Requests"
2026-09-11 09:21:54,941 - services.fusion.exposure - ERROR - Failed to fetch OSM Exposure data: Client error '429 Too Many Requests' for url 'https://overpass-api.de/api/interpreter'
For more information check: https://developer.mozilla.org/en-US/docs/Web/HTTP/Status/429
2026-09-11 09:21:54,943 - httpx - INFO - HTTP Request: POST https://overpass-api.de/api/interpreter "HTTP/1.1 200 OK"
2026-09-11 09:21:54,945 - httpx - INFO - HTTP Request: POST https://overpass-api.de/api/interpreter "HTTP/1.1 429 Too Many Requests"
2026-09-11 09:21:54,946 - services.fusion.exposure - ERROR - Failed to fetch OSM Exposure data: Client error '429 Too Many Requests' for url 'https://overpass-api.de/api/interpreter'
For more information check: https://developer.mozilla.org/en-US/docs/Web/HTTP/Status/429
2026-09-11 09:21:54,947 - httpx - INFO - HTTP Request: POST https://overpass-api.de/api/interpreter "HTTP/1.1 429 Too Many Requests"
2026-09-11 09:21:54,948 - services.fusion.exposure - ERROR - Failed to fetch OSM Exposure data: Client error '429 Too Many Requests' for url 'https://overpass-api.de/api/interpreter'
For more information check: https://developer.mozilla.org/en-US/docs/Web/HTTP/Status/429
2026-09-11 09:21:54,949 - httpx - INFO - HTTP Request: POST https://overpass-api.de/api/interpreter "HTTP/1.1 429 Too Many Requests"
2026-09-11 09:21:54,949 - httpx - INFO - HTTP Request: POST https://overpass-api.de/api/interpreter "HTTP/1.1 429 Too Many Requests"
2026-09-11 09:21:54,949 - httpx - INFO - HTTP Request: POST https://overpass-api.de/api/interpreter "HTTP/1.1 429 Too Many Requests"
2026-09-11 09:21:54,949 - services.fusion.exposure - ERROR - Failed to fetch OSM Exposure data: Client error '429 Too Many Requests' for url 'https://overpass-api.de/api/interpreter'
For more information check: https://developer.mozilla.org/en-US/docs/Web/HTTP/Status/429
2026-09-11 09:21:54,950 - services.fusion.exposure - ERROR - Failed to fetch OSM Exposure data: Client error '429 Too Many Requests' for url 'https://overpass-api.de/api/interpreter'
For more information check: https://developer.mozilla.org/en-US/docs/Web/HTTP/Status/429
2026-09-11 09:21:54,950 - httpx - INFO - HTTP Request: POST https://overpass-api.de/api/interpreter "HTTP/1.1 429 Too Many Requests"
2026-09-11 09:21:54,950 - httpx - INFO - HTTP Request: POST https://overpass-api.de/api/interpreter "HTTP/1.1 429 Too Many Requests"
2026-09-11 09:21:54,950 - services.fusion.exposure - ERROR - Failed to fetch OSM Exposure data: Client error '429 Too Many Requests' for url 'https://overpass-api.de/api/interpreter'
For more information check: https://developer.mozilla.org/en-US/docs/Web/HTTP/Status/429
2026-09-11 09:21:54,951 - httpx - INFO - HTTP Request: POST https://overpass-api.de/api/interpreter "HTTP/1.1 429 Too Many Requests"
2026-09-11 09:21:54,951 - services.fusion.exposure - ERROR - Failed to fetch OSM Exposure data: Client error '429 Too Many Requests' for url 'https://overpass-api.de/api/interpreter'
For more information check: https://developer.mozilla.org/en-US/docs/Web/HTTP/Status/429
2026-09-11 09:21:54,952 - services.fusion.exposure - ERROR - Failed to fetch OSM Exposure data: Client error '429 Too Many Requests' for url 'https://overpass-api.de/api/interpreter'
For more information check: https://developer.mozilla.org/en-US/docs/Web/HTTP/Status/429
2026-09-11 09:21:54,952 - services.fusion.exposure - ERROR - Failed to fetch OSM Exposure data: Client error '429 Too Many Requests' for url 'https://overpass-api.de/api/interpreter'
For more information check: https://developer.mozilla.org/en-US/docs/Web/HTTP/Status/429
2026-09-11 09:21:54,964 - httpx - INFO - HTTP Request: POST https://overpass-api.de/api/interpreter "HTTP/1.1 429 Too Many Requests"
2026-09-11 09:21:54,965 - services.fusion.exposure - ERROR - Failed to fetch OSM Exposure data: Client error '429 Too Many Requests' for url 'https://overpass-api.de/api/interpreter'
For more information check: https://developer.mozilla.org/en-US/docs/Web/HTTP/Status/429
2026-09-11 09:21:54,982 - httpx - INFO - HTTP Request: POST https://overpass-api.de/api/interpreter "HTTP/1.1 429 Too Many Requests"
2026-09-11 09:21:54,983 - services.fusion.exposure - ERROR - Failed to fetch OSM Exposure data: Client error '429 Too Many Requests' for url 'https://overpass-api.de/api/interpreter'
For more information check: https://developer.mozilla.org/en-US/docs/Web/HTTP/Status/429
2026-09-11 09:21:55,015 - httpx - INFO - HTTP Request: POST https://overpass-api.de/api/interpreter "HTTP/1.1 429 Too Many Requests"
2026-09-11 09:21:55,016 - services.fusion.exposure - ERROR - Failed to fetch OSM Exposure data: Client error '429 Too Many Requests' for url 'https://overpass-api.de/api/interpreter'
For more information check: https://developer.mozilla.org/en-US/docs/Web/HTTP/Status/429
2026-09-11 09:21:55,016 - services.alerts.engine - INFO - Generated P3_MONITORING alert ALT-2EB197F2 for {'lat': 27.3314, 'lon': 88.6138}
2026-09-11 09:21:55,017 - api.request - INFO - GET /api/v1/risk/evaluate status=200 duration=6841.44ms ip=127.0.0.1
INFO:     127.0.0.1:52854 - "GET /api/v1/risk/evaluate?lat=27.3314&lon=88.6138 HTTP/1.1" 200 OK
2026-09-11 09:21:55,041 - httpx - INFO - HTTP Request: POST https://overpass-api.de/api/interpreter "HTTP/1.1 429 Too Many Requests"
2026-09-11 09:21:55,042 - services.fusion.exposure - ERROR - Failed to fetch OSM Exposure data: Client error '429 Too Many Requests' for url 'https://overpass-api.de/api/interpreter'
For more information check: https://developer.mozilla.org/en-US/docs/Web/HTTP/Status/429
2026-09-11 09:21:55,042 - httpx - INFO - HTTP Request: POST https://overpass-api.de/api/interpreter "HTTP/1.1 429 Too Many Requests"
2026-09-11 09:21:55,043 - httpx - INFO - HTTP Request: POST https://overpass-api.de/api/interpreter "HTTP/1.1 429 Too Many Requests"
2026-09-11 09:21:55,043 - services.fusion.exposure - ERROR - Failed to fetch OSM Exposure data: Client error '429 Too Many Requests' for url 'https://overpass-api.de/api/interpreter'
For more information check: https://developer.mozilla.org/en-US/docs/Web/HTTP/Status/429
2026-09-11 09:21:55,043 - services.fusion.exposure - ERROR - Failed to fetch OSM Exposure data: Client error '429 Too Many Requests' for url 'https://overpass-api.de/api/interpreter'
For more information check: https://developer.mozilla.org/en-US/docs/Web/HTTP/Status/429
2026-09-11 09:21:55,046 - services.alerts.engine - INFO - Generated P3_MONITORING alert ALT-F6F99E63 for {'lat': 27.3314, 'lon': 88.6138}
2026-09-11 09:21:55,046 - api.request - INFO - GET /api/v1/risk/evaluate status=200 duration=6894.89ms ip=127.0.0.1
INFO:     127.0.0.1:52853 - "GET /api/v1/risk/evaluate?lat=27.3314&lon=88.6138 HTTP/1.1" 200 OK
2026-09-11 09:21:55,051 - httpx - INFO - HTTP Request: POST https://overpass-api.de/api/interpreter "HTTP/1.1 429 Too Many Requests"
2026-09-11 09:21:55,051 - services.fusion.exposure - ERROR - Failed to fetch OSM Exposure data: Client error '429 Too Many Requests' for url 'https://overpass-api.de/api/interpreter'
For more information check: https://developer.mozilla.org/en-US/docs/Web/HTTP/Status/429
2026-09-11 09:21:55,052 - httpx - INFO - HTTP Request: POST https://overpass-api.de/api/interpreter "HTTP/1.1 429 Too Many Requests"
2026-09-11 09:21:55,052 - services.fusion.exposure - ERROR - Failed to fetch OSM Exposure data: Client error '429 Too Many Requests' for url 'https://overpass-api.de/api/interpreter'
For more information check: https://developer.mozilla.org/en-US/docs/Web/HTTP/Status/429
2026-09-11 09:21:55,062 - httpx - INFO - HTTP Request: POST https://overpass-api.de/api/interpreter "HTTP/1.1 429 Too Many Requests"
2026-09-11 09:21:55,063 - httpx - INFO - HTTP Request: POST https://overpass-api.de/api/interpreter "HTTP/1.1 429 Too Many Requests"
2026-09-11 09:21:55,063 - services.fusion.exposure - ERROR - Failed to fetch OSM Exposure data: Client error '429 Too Many Requests' for url 'https://overpass-api.de/api/interpreter'
For more information check: https://developer.mozilla.org/en-US/docs/Web/HTTP/Status/429
2026-09-11 09:21:55,064 - services.fusion.exposure - ERROR - Failed to fetch OSM Exposure data: Client error '429 Too Many Requests' for url 'https://overpass-api.de/api/interpreter'
For more information check: https://developer.mozilla.org/en-US/docs/Web/HTTP/Status/429
2026-09-11 09:21:55,081 - httpx - INFO - HTTP Request: POST https://overpass-api.de/api/interpreter "HTTP/1.1 429 Too Many Requests"
2026-09-11 09:21:55,082 - httpx - INFO - HTTP Request: POST https://overpass-api.de/api/interpreter "HTTP/1.1 429 Too Many Requests"
2026-09-11 09:21:55,082 - services.fusion.exposure - ERROR - Failed to fetch OSM Exposure data: Client error '429 Too Many Requests' for url 'https://overpass-api.de/api/interpreter'
For more information check: https://developer.mozilla.org/en-US/docs/Web/HTTP/Status/429
2026-09-11 09:21:55,083 - services.fusion.exposure - ERROR - Failed to fetch OSM Exposure data: Client error '429 Too Many Requests' for url 'https://overpass-api.de/api/interpreter'
For more information check: https://developer.mozilla.org/en-US/docs/Web/HTTP/Status/429
2026-09-11 09:21:55,091 - httpx - INFO - HTTP Request: POST https://overpass-api.de/api/interpreter "HTTP/1.1 429 Too Many Requests"
2026-09-11 09:21:55,092 - httpx - INFO - HTTP Request: POST https://overpass-api.de/api/interpreter "HTTP/1.1 429 Too Many Requests"
2026-09-11 09:21:55,092 - services.fusion.exposure - ERROR - Failed to fetch OSM Exposure data: Client error '429 Too Many Requests' for url 'https://overpass-api.de/api/interpreter'
For more information check: https://developer.mozilla.org/en-US/docs/Web/HTTP/Status/429
2026-09-11 09:21:55,092 - services.fusion.exposure - ERROR - Failed to fetch OSM Exposure data: Client error '429 Too Many Requests' for url 'https://overpass-api.de/api/interpreter'
For more information check: https://developer.mozilla.org/en-US/docs/Web/HTTP/Status/429
2026-09-11 09:21:55,096 - services.alerts.engine - INFO - Generated P4_WATCHLIST alert ALT-BF9ADE04 for {'lat': 27.3314, 'lon': 88.6138}
2026-09-11 09:21:55,096 - api.request - INFO - GET /api/v1/risk/evaluate status=200 duration=6819.15ms ip=127.0.0.1
INFO:     127.0.0.1:52872 - "GET /api/v1/risk/evaluate?lat=27.3314&lon=88.6138 HTTP/1.1" 200 OK
2026-09-11 09:21:55,099 - services.alerts.engine - INFO - Generated P4_WATCHLIST alert ALT-D659D8E6 for {'lat': 27.3314, 'lon': 88.6138}
2026-09-11 09:21:55,100 - api.request - INFO - GET /api/v1/risk/evaluate status=200 duration=6822.56ms ip=127.0.0.1
INFO:     127.0.0.1:52876 - "GET /api/v1/risk/evaluate?lat=27.3314&lon=88.6138 HTTP/1.1" 200 OK
2026-09-11 09:21:55,115 - services.alerts.engine - INFO - Generated P4_WATCHLIST alert ALT-8AC8FF5B for {'lat': 27.3314, 'lon': 88.6138}
2026-09-11 09:21:55,116 - api.request - INFO - GET /api/v1/risk/evaluate status=200 duration=6781.19ms ip=127.0.0.1
INFO:     127.0.0.1:52891 - "GET /api/v1/risk/evaluate?lat=27.3314&lon=88.6138 HTTP/1.1" 200 OK
2026-09-11 09:21:55,130 - services.alerts.engine - INFO - Generated P4_WATCHLIST alert ALT-8CB3B99A for {'lat': 27.3314, 'lon': 88.6138}
2026-09-11 09:21:55,130 - api.request - INFO - GET /api/v1/risk/evaluate status=200 duration=6670.82ms ip=127.0.0.1
INFO:     127.0.0.1:52942 - "GET /api/v1/risk/evaluate?lat=27.3314&lon=88.6138 HTTP/1.1" 200 OK
2026-09-11 09:21:55,133 - services.alerts.engine - INFO - Generated P4_WATCHLIST alert ALT-60FE2CA1 for {'lat': 27.3314, 'lon': 88.6138}
2026-09-11 09:21:55,133 - api.request - INFO - GET /api/v1/risk/evaluate status=200 duration=6673.93ms ip=127.0.0.1
INFO:     127.0.0.1:52937 - "GET /api/v1/risk/evaluate?lat=27.3314&lon=88.6138 HTTP/1.1" 200 OK
2026-09-11 09:21:55,143 - services.alerts.engine - INFO - Generated P4_WATCHLIST alert ALT-F7835129 for {'lat': 27.3314, 'lon': 88.6138}
2026-09-11 09:21:55,143 - api.request - INFO - GET /api/v1/risk/evaluate status=200 duration=6968.15ms ip=127.0.0.1
INFO:     127.0.0.1:52856 - "GET /api/v1/risk/evaluate?lat=27.3314&lon=88.6138 HTTP/1.1" 200 OK
2026-09-11 09:21:55,162 - services.alerts.engine - INFO - Generated P4_WATCHLIST alert ALT-122A0F1B for {'lat': 27.3314, 'lon': 88.6138}
2026-09-11 09:21:55,162 - api.request - INFO - GET /api/v1/risk/evaluate status=200 duration=6827.59ms ip=127.0.0.1
2026-09-11 09:21:55,162 - services.alerts.engine - INFO - Generated P4_WATCHLIST alert ALT-22CD7B0F for {'lat': 27.3314, 'lon': 88.6138}
2026-09-11 09:21:55,163 - api.request - INFO - GET /api/v1/risk/evaluate status=200 duration=6827.88ms ip=127.0.0.1
INFO:     127.0.0.1:52901 - "GET /api/v1/risk/evaluate?lat=27.3314&lon=88.6138 HTTP/1.1" 200 OK
INFO:     127.0.0.1:52906 - "GET /api/v1/risk/evaluate?lat=27.3314&lon=88.6138 HTTP/1.1" 200 OK
2026-09-11 09:21:55,182 - services.alerts.engine - INFO - Generated P4_WATCHLIST alert ALT-3BF38664 for {'lat': 27.3314, 'lon': 88.6138}
2026-09-11 09:21:55,182 - api.request - INFO - GET /api/v1/risk/evaluate status=200 duration=6847.83ms ip=127.0.0.1
INFO:     127.0.0.1:52889 - "GET /api/v1/risk/evaluate?lat=27.3314&lon=88.6138 HTTP/1.1" 200 OK
2026-09-11 09:21:55,188 - services.alerts.engine - INFO - Generated P4_WATCHLIST alert ALT-056193CF for {'lat': 27.3314, 'lon': 88.6138}
2026-09-11 09:21:55,188 - api.request - INFO - GET /api/v1/risk/evaluate status=200 duration=6728.60ms ip=127.0.0.1
INFO:     127.0.0.1:52952 - "GET /api/v1/risk/evaluate?lat=27.3314&lon=88.6138 HTTP/1.1" 200 OK
2026-09-11 09:21:55,189 - services.alerts.engine - INFO - Generated P4_WATCHLIST alert ALT-79F20F42 for {'lat': 27.3314, 'lon': 88.6138}
2026-09-11 09:21:55,190 - api.request - INFO - GET /api/v1/risk/evaluate status=200 duration=6855.33ms ip=127.0.0.1
INFO:     127.0.0.1:52892 - "GET /api/v1/risk/evaluate?lat=27.3314&lon=88.6138 HTTP/1.1" 200 OK
2026-09-11 09:21:55,224 - httpx - INFO - HTTP Request: POST https://overpass-api.de/api/interpreter "HTTP/1.1 429 Too Many Requests"
2026-09-11 09:21:55,224 - httpx - INFO - HTTP Request: POST https://overpass-api.de/api/interpreter "HTTP/1.1 429 Too Many Requests"
2026-09-11 09:21:55,224 - httpx - INFO - HTTP Request: POST https://overpass-api.de/api/interpreter "HTTP/1.1 429 Too Many Requests"
2026-09-11 09:21:55,225 - httpx - INFO - HTTP Request: POST https://overpass-api.de/api/interpreter "HTTP/1.1 429 Too Many Requests"
2026-09-11 09:21:55,225 - services.fusion.exposure - ERROR - Failed to fetch OSM Exposure data: Client error '429 Too Many Requests' for url 'https://overpass-api.de/api/interpreter'
For more information check: https://developer.mozilla.org/en-US/docs/Web/HTTP/Status/429
2026-09-11 09:21:55,226 - services.fusion.exposure - ERROR - Failed to fetch OSM Exposure data: Client error '429 Too Many Requests' for url 'https://overpass-api.de/api/interpreter'
For more information check: https://developer.mozilla.org/en-US/docs/Web/HTTP/Status/429
2026-09-11 09:21:55,226 - services.fusion.exposure - ERROR - Failed to fetch OSM Exposure data: Client error '429 Too Many Requests' for url 'https://overpass-api.de/api/interpreter'
For more information check: https://developer.mozilla.org/en-US/docs/Web/HTTP/Status/429
2026-09-11 09:21:55,226 - services.fusion.exposure - ERROR - Failed to fetch OSM Exposure data: Client error '429 Too Many Requests' for url 'https://overpass-api.de/api/interpreter'
For more information check: https://developer.mozilla.org/en-US/docs/Web/HTTP/Status/429
2026-09-11 09:21:55,226 - httpx - INFO - HTTP Request: POST https://overpass-api.de/api/interpreter "HTTP/1.1 429 Too Many Requests"
2026-09-11 09:21:55,227 - httpx - INFO - HTTP Request: POST https://overpass-api.de/api/interpreter "HTTP/1.1 429 Too Many Requests"
2026-09-11 09:21:55,227 - services.alerts.engine - INFO - Generated P4_WATCHLIST alert ALT-B9CF29ED for {'lat': 27.3314, 'lon': 88.6138}
2026-09-11 09:21:55,227 - services.alerts.engine - INFO - Generated P4_WATCHLIST alert ALT-EFEEA49E for {'lat': 27.3314, 'lon': 88.6138}
2026-09-11 09:21:55,227 - services.alerts.engine - INFO - Generated P4_WATCHLIST alert ALT-8DBBFB04 for {'lat': 27.3314, 'lon': 88.6138}
2026-09-11 09:21:55,228 - services.fusion.exposure - ERROR - Failed to fetch OSM Exposure data: Client error '429 Too Many Requests' for url 'https://overpass-api.de/api/interpreter'
For more information check: https://developer.mozilla.org/en-US/docs/Web/HTTP/Status/429
2026-09-11 09:21:55,228 - services.fusion.exposure - ERROR - Failed to fetch OSM Exposure data: Client error '429 Too Many Requests' for url 'https://overpass-api.de/api/interpreter'
For more information check: https://developer.mozilla.org/en-US/docs/Web/HTTP/Status/429
2026-09-11 09:21:55,228 - api.request - INFO - GET /api/v1/risk/evaluate status=200 duration=6893.89ms ip=127.0.0.1
2026-09-11 09:21:55,228 - api.request - INFO - GET /api/v1/risk/evaluate status=200 duration=6951.06ms ip=127.0.0.1
2026-09-11 09:21:55,228 - api.request - INFO - GET /api/v1/risk/evaluate status=200 duration=6893.60ms ip=127.0.0.1
INFO:     127.0.0.1:52887 - "GET /api/v1/risk/evaluate?lat=27.3314&lon=88.6138 HTTP/1.1" 200 OK
INFO:     127.0.0.1:52873 - "GET /api/v1/risk/evaluate?lat=27.3314&lon=88.6138 HTTP/1.1" 200 OK
INFO:     127.0.0.1:52900 - "GET /api/v1/risk/evaluate?lat=27.3314&lon=88.6138 HTTP/1.1" 200 OK
2026-09-11 09:21:55,230 - services.alerts.engine - INFO - Generated P4_WATCHLIST alert ALT-8EE261CE for {'lat': 27.3314, 'lon': 88.6138}
2026-09-11 09:21:55,231 - api.request - INFO - GET /api/v1/risk/evaluate status=200 duration=6771.52ms ip=127.0.0.1
INFO:     127.0.0.1:52934 - "GET /api/v1/risk/evaluate?lat=27.3314&lon=88.6138 HTTP/1.1" 200 OK
2026-09-11 09:21:55,233 - httpx - INFO - HTTP Request: POST https://overpass-api.de/api/interpreter "HTTP/1.1 429 Too Many Requests"
2026-09-11 09:21:55,234 - services.fusion.exposure - ERROR - Failed to fetch OSM Exposure data: Client error '429 Too Many Requests' for url 'https://overpass-api.de/api/interpreter'
For more information check: https://developer.mozilla.org/en-US/docs/Web/HTTP/Status/429
2026-09-11 09:21:55,266 - services.alerts.engine - INFO - Generated P4_WATCHLIST alert ALT-EFF3F860 for {'lat': 27.3314, 'lon': 88.6138}
2026-09-11 09:21:55,266 - api.request - INFO - GET /api/v1/risk/evaluate status=200 duration=6806.76ms ip=127.0.0.1
INFO:     127.0.0.1:52946 - "GET /api/v1/risk/evaluate?lat=27.3314&lon=88.6138 HTTP/1.1" 200 OK
2026-09-11 09:21:55,274 - services.alerts.engine - INFO - Generated P4_WATCHLIST alert ALT-0F73756F for {'lat': 27.3314, 'lon': 88.6138}
2026-09-11 09:21:55,274 - api.request - INFO - GET /api/v1/risk/evaluate status=200 duration=6815.49ms ip=127.0.0.1
2026-09-11 09:21:55,274 - services.alerts.engine - INFO - Generated P4_WATCHLIST alert ALT-D3F191D3 for {'lat': 27.3314, 'lon': 88.6138}
2026-09-11 09:21:55,275 - api.request - INFO - GET /api/v1/risk/evaluate status=200 duration=6939.77ms ip=127.0.0.1
INFO:     127.0.0.1:52913 - "GET /api/v1/risk/evaluate?lat=27.3314&lon=88.6138 HTTP/1.1" 200 OK
INFO:     127.0.0.1:52907 - "GET /api/v1/risk/evaluate?lat=27.3314&lon=88.6138 HTTP/1.1" 200 OK
2026-09-11 09:21:55,276 - services.alerts.engine - INFO - Generated P4_WATCHLIST alert ALT-7172B3EB for {'lat': 27.3314, 'lon': 88.6138}
2026-09-11 09:21:55,276 - api.request - INFO - GET /api/v1/risk/evaluate status=200 duration=6941.42ms ip=127.0.0.1
INFO:     127.0.0.1:52902 - "GET /api/v1/risk/evaluate?lat=27.3314&lon=88.6138 HTTP/1.1" 200 OK
2026-09-11 09:21:55,297 - services.alerts.engine - INFO - Generated P4_WATCHLIST alert ALT-32123622 for {'lat': 27.3314, 'lon': 88.6138}
2026-09-11 09:21:55,297 - api.request - INFO - GET /api/v1/risk/evaluate status=200 duration=6837.70ms ip=127.0.0.1
INFO:     127.0.0.1:52936 - "GET /api/v1/risk/evaluate?lat=27.3314&lon=88.6138 HTTP/1.1" 200 OK
2026-09-11 09:21:55,301 - services.alerts.engine - INFO - Generated P4_WATCHLIST alert ALT-462B6A8F for {'lat': 27.3314, 'lon': 88.6138}
2026-09-11 09:21:55,301 - api.request - INFO - GET /api/v1/risk/evaluate status=200 duration=6842.24ms ip=127.0.0.1
INFO:     127.0.0.1:52918 - "GET /api/v1/risk/evaluate?lat=27.3314&lon=88.6138 HTTP/1.1" 200 OK
2026-09-11 09:21:55,307 - services.alerts.engine - INFO - Generated P4_WATCHLIST alert ALT-B439C6CA for {'lat': 27.3314, 'lon': 88.6138}
2026-09-11 09:21:55,308 - api.request - INFO - GET /api/v1/risk/evaluate status=200 duration=6848.84ms ip=127.0.0.1
INFO:     127.0.0.1:52927 - "GET /api/v1/risk/evaluate?lat=27.3314&lon=88.6138 HTTP/1.1" 200 OK
2026-09-11 09:21:55,319 - services.alerts.engine - INFO - Generated P4_WATCHLIST alert ALT-FABC7301 for {'lat': 27.3314, 'lon': 88.6138}
2026-09-11 09:21:55,319 - api.request - INFO - GET /api/v1/risk/evaluate status=200 duration=6860.24ms ip=127.0.0.1
INFO:     127.0.0.1:52923 - "GET /api/v1/risk/evaluate?lat=27.3314&lon=88.6138 HTTP/1.1" 200 OK
2026-09-11 09:21:55,328 - services.alerts.engine - INFO - Generated P4_WATCHLIST alert ALT-A3C04C89 for {'lat': 27.3314, 'lon': 88.6138}
2026-09-11 09:21:55,328 - api.request - INFO - GET /api/v1/risk/evaluate status=200 duration=6868.48ms ip=127.0.0.1
2026-09-11 09:21:55,328 - services.alerts.engine - INFO - Generated P4_WATCHLIST alert ALT-50733B44 for {'lat': 27.3314, 'lon': 88.6138}
2026-09-11 09:21:55,329 - api.request - INFO - GET /api/v1/risk/evaluate status=200 duration=6869.79ms ip=127.0.0.1
INFO:     127.0.0.1:52944 - "GET /api/v1/risk/evaluate?lat=27.3314&lon=88.6138 HTTP/1.1" 200 OK
INFO:     127.0.0.1:52915 - "GET /api/v1/risk/evaluate?lat=27.3314&lon=88.6138 HTTP/1.1" 200 OK
2026-09-11 09:21:55,350 - services.alerts.engine - INFO - Generated P4_WATCHLIST alert ALT-E55DD83C for {'lat': 27.3314, 'lon': 88.6138}
2026-09-11 09:21:55,351 - api.request - INFO - GET /api/v1/risk/evaluate status=200 duration=6891.84ms ip=127.0.0.1
INFO:     127.0.0.1:52921 - "GET /api/v1/risk/evaluate?lat=27.3314&lon=88.6138 HTTP/1.1" 200 OK
2026-09-11 09:21:55,354 - services.alerts.engine - INFO - Generated P4_WATCHLIST alert ALT-18E61FCA for {'lat': 27.3314, 'lon': 88.6138}
2026-09-11 09:21:55,355 - api.request - INFO - GET /api/v1/risk/evaluate status=200 duration=6895.96ms ip=127.0.0.1
INFO:     127.0.0.1:52924 - "GET /api/v1/risk/evaluate?lat=27.3314&lon=88.6138 HTTP/1.1" 200 OK
2026-09-11 09:21:55,361 - services.alerts.engine - INFO - Generated P4_WATCHLIST alert ALT-9B176A1D for {'lat': 27.3314, 'lon': 88.6138}
2026-09-11 09:21:55,361 - api.request - INFO - GET /api/v1/risk/evaluate status=200 duration=7026.58ms ip=127.0.0.1
INFO:     127.0.0.1:52904 - "GET /api/v1/risk/evaluate?lat=27.3314&lon=88.6138 HTTP/1.1" 200 OK
2026-09-11 09:21:55,364 - services.alerts.engine - INFO - Generated P4_WATCHLIST alert ALT-26BEDCFF for {'lat': 27.3314, 'lon': 88.6138}
2026-09-11 09:21:55,364 - api.request - INFO - GET /api/v1/risk/evaluate status=200 duration=7171.32ms ip=127.0.0.1
INFO:     127.0.0.1:52863 - "GET /api/v1/risk/evaluate?lat=27.3314&lon=88.6138 HTTP/1.1" 200 OK
2026-09-11 09:21:55,375 - services.alerts.engine - INFO - Generated P4_WATCHLIST alert ALT-AE4177EA for {'lat': 27.3314, 'lon': 88.6138}
2026-09-11 09:21:55,375 - api.request - INFO - GET /api/v1/risk/evaluate status=200 duration=7040.68ms ip=127.0.0.1
INFO:     127.0.0.1:52905 - "GET /api/v1/risk/evaluate?lat=27.3314&lon=88.6138 HTTP/1.1" 200 OK
2026-09-11 09:21:55,384 - services.alerts.engine - INFO - Generated P4_WATCHLIST alert ALT-B641A10C for {'lat': 27.3314, 'lon': 88.6138}
2026-09-11 09:21:55,384 - api.request - INFO - GET /api/v1/risk/evaluate status=200 duration=6925.19ms ip=127.0.0.1
INFO:     127.0.0.1:52917 - "GET /api/v1/risk/evaluate?lat=27.3314&lon=88.6138 HTTP/1.1" 200 OK
2026-09-11 09:21:55,385 - services.alerts.engine - INFO - Generated P4_WATCHLIST alert ALT-B2DF2923 for {'lat': 27.3314, 'lon': 88.6138}
2026-09-11 09:21:55,386 - api.request - INFO - GET /api/v1/risk/evaluate status=200 duration=7051.14ms ip=127.0.0.1
INFO:     127.0.0.1:52898 - "GET /api/v1/risk/evaluate?lat=27.3314&lon=88.6138 HTTP/1.1" 200 OK
2026-09-11 09:21:55,395 - services.alerts.engine - INFO - Generated P4_WATCHLIST alert ALT-63C407C0 for {'lat': 27.3314, 'lon': 88.6138}
2026-09-11 09:21:55,396 - api.request - INFO - GET /api/v1/risk/evaluate status=200 duration=7203.05ms ip=127.0.0.1
INFO:     127.0.0.1:52859 - "GET /api/v1/risk/evaluate?lat=27.3314&lon=88.6138 HTTP/1.1" 200 OK
2026-09-11 09:21:55,407 - services.alerts.engine - INFO - Generated P4_WATCHLIST alert ALT-78647008 for {'lat': 27.3314, 'lon': 88.6138}
2026-09-11 09:21:55,407 - api.request - INFO - GET /api/v1/risk/evaluate status=200 duration=7072.46ms ip=127.0.0.1
INFO:     127.0.0.1:52896 - "GET /api/v1/risk/evaluate?lat=27.3314&lon=88.6138 HTTP/1.1" 200 OK
2026-09-11 09:21:55,411 - services.alerts.engine - INFO - Generated P4_WATCHLIST alert ALT-F6AB99FD for {'lat': 27.3314, 'lon': 88.6138}
2026-09-11 09:21:55,411 - api.request - INFO - GET /api/v1/risk/evaluate status=200 duration=7218.88ms ip=127.0.0.1
INFO:     127.0.0.1:52857 - "GET /api/v1/risk/evaluate?lat=27.3314&lon=88.6138 HTTP/1.1" 200 OK
2026-09-11 09:21:55,418 - services.alerts.engine - INFO - Generated P4_WATCHLIST alert ALT-8AB8341E for {'lat': 27.3314, 'lon': 88.6138}
2026-09-11 09:21:55,418 - api.request - INFO - GET /api/v1/risk/evaluate status=200 duration=6959.05ms ip=127.0.0.1
INFO:     127.0.0.1:52922 - "GET /api/v1/risk/evaluate?lat=27.3314&lon=88.6138 HTTP/1.1" 200 OK
2026-09-11 09:21:55,423 - services.alerts.engine - INFO - Generated P4_WATCHLIST alert ALT-3B98307C for {'lat': 27.3314, 'lon': 88.6138}
2026-09-11 09:21:55,424 - api.request - INFO - GET /api/v1/risk/evaluate status=200 duration=6964.06ms ip=127.0.0.1
INFO:     127.0.0.1:52947 - "GET /api/v1/risk/evaluate?lat=27.3314&lon=88.6138 HTTP/1.1" 200 OK
2026-09-11 09:21:55,429 - services.alerts.engine - INFO - Generated P4_WATCHLIST alert ALT-35041F9E for {'lat': 27.3314, 'lon': 88.6138}
2026-09-11 09:21:55,429 - api.request - INFO - GET /api/v1/risk/evaluate status=200 duration=6969.82ms ip=127.0.0.1
INFO:     127.0.0.1:52941 - "GET /api/v1/risk/evaluate?lat=27.3314&lon=88.6138 HTTP/1.1" 200 OK
2026-09-11 09:21:55,435 - services.alerts.engine - INFO - Generated P4_WATCHLIST alert ALT-5C54051C for {'lat': 27.3314, 'lon': 88.6138}
2026-09-11 09:21:55,435 - api.request - INFO - GET /api/v1/risk/evaluate status=200 duration=6975.82ms ip=127.0.0.1
INFO:     127.0.0.1:52933 - "GET /api/v1/risk/evaluate?lat=27.3314&lon=88.6138 HTTP/1.1" 200 OK
2026-09-11 09:21:55,446 - services.alerts.engine - INFO - Generated P4_WATCHLIST alert ALT-4C54DE3B for {'lat': 27.3314, 'lon': 88.6138}
2026-09-11 09:21:55,446 - api.request - INFO - GET /api/v1/risk/evaluate status=200 duration=6986.49ms ip=127.0.0.1
2026-09-11 09:21:55,446 - services.alerts.engine - INFO - Generated P4_WATCHLIST alert ALT-5D81B7EC for {'lat': 27.3314, 'lon': 88.6138}
2026-09-11 09:21:55,446 - api.request - INFO - GET /api/v1/risk/evaluate status=200 duration=6987.32ms ip=127.0.0.1
INFO:     127.0.0.1:52948 - "GET /api/v1/risk/evaluate?lat=27.3314&lon=88.6138 HTTP/1.1" 200 OK
INFO:     127.0.0.1:52930 - "GET /api/v1/risk/evaluate?lat=27.3314&lon=88.6138 HTTP/1.1" 200 OK
2026-09-11 09:21:55,469 - services.fusion.pipeline - INFO - [9c4c9fae-44bc-49e6-b197-92351ef0ba02] Fusion pipeline completed. Hazard Evidence Score: 0.511
2026-09-11 09:21:55,475 - services.alerts.engine - INFO - Generated P4_WATCHLIST alert ALT-65FFF058 for {'lat': 27.3314, 'lon': 88.6138}
2026-09-11 09:21:55,476 - services.alerts.engine - INFO - Generated P4_WATCHLIST alert ALT-9E44E98C for {'lat': 27.3314, 'lon': 88.6138}
2026-09-11 09:21:55,476 - api.request - INFO - GET /api/v1/risk/evaluate status=200 duration=7016.39ms ip=127.0.0.1
2026-09-11 09:21:55,476 - api.request - INFO - GET /api/v1/risk/evaluate status=200 duration=7016.79ms ip=127.0.0.1
INFO:     127.0.0.1:52940 - "GET /api/v1/risk/evaluate?lat=27.3314&lon=88.6138 HTTP/1.1" 200 OK
INFO:     127.0.0.1:52931 - "GET /api/v1/risk/evaluate?lat=27.3314&lon=88.6138 HTTP/1.1" 200 OK
2026-09-11 09:21:55,477 - services.alerts.engine - INFO - Generated P4_WATCHLIST alert ALT-C1A963AB for {'lat': 27.3314, 'lon': 88.6138}
2026-09-11 09:21:55,478 - api.request - INFO - GET /api/v1/risk/evaluate status=200 duration=7285.12ms ip=127.0.0.1
2026-09-11 09:21:55,478 - services.alerts.engine - INFO - Generated P4_WATCHLIST alert ALT-C55828E7 for {'lat': 27.3314, 'lon': 88.6138}
2026-09-11 09:21:55,478 - api.request - INFO - GET /api/v1/risk/evaluate status=200 duration=7019.43ms ip=127.0.0.1
INFO:     127.0.0.1:52860 - "GET /api/v1/risk/evaluate?lat=27.3314&lon=88.6138 HTTP/1.1" 200 OK
INFO:     127.0.0.1:52912 - "GET /api/v1/risk/evaluate?lat=27.3314&lon=88.6138 HTTP/1.1" 200 OK
2026-09-11 09:21:55,496 - services.alerts.engine - INFO - Generated P4_WATCHLIST alert ALT-6DF70F8C for {'lat': 27.3314, 'lon': 88.6138}
2026-09-11 09:21:55,497 - api.request - INFO - GET /api/v1/risk/evaluate status=200 duration=7037.82ms ip=127.0.0.1
INFO:     127.0.0.1:52925 - "GET /api/v1/risk/evaluate?lat=27.3314&lon=88.6138 HTTP/1.1" 200 OK
2026-09-11 09:21:55,509 - services.alerts.engine - INFO - Generated P4_WATCHLIST alert ALT-7D46113D for {'lat': 27.3314, 'lon': 88.6138}
2026-09-11 09:21:55,509 - api.request - INFO - GET /api/v1/risk/evaluate status=200 duration=7049.62ms ip=127.0.0.1
INFO:     127.0.0.1:52950 - "GET /api/v1/risk/evaluate?lat=27.3314&lon=88.6138 HTTP/1.1" 200 OK
2026-09-11 09:21:55,510 - services.alerts.engine - INFO - Generated P4_WATCHLIST alert ALT-26D80FE2 for {'lat': 27.3314, 'lon': 88.6138}
2026-09-11 09:21:55,510 - api.request - INFO - GET /api/v1/risk/evaluate status=200 duration=7052.10ms ip=127.0.0.1
INFO:     127.0.0.1:52908 - "GET /api/v1/risk/evaluate?lat=27.3314&lon=88.6138 HTTP/1.1" 200 OK
2026-09-11 09:21:55,517 - services.alerts.engine - INFO - Generated P4_WATCHLIST alert ALT-ED422F20 for {'lat': 27.3314, 'lon': 88.6138}
2026-09-11 09:21:55,518 - api.request - INFO - GET /api/v1/risk/evaluate status=200 duration=7058.92ms ip=127.0.0.1
INFO:     127.0.0.1:52920 - "GET /api/v1/risk/evaluate?lat=27.3314&lon=88.6138 HTTP/1.1" 200 OK
2026-09-11 09:21:55,524 - services.fusion.pipeline - INFO - [1005e8b8-6ede-49bc-82c5-543760f2bb0a] Fusion pipeline completed. Hazard Evidence Score: 0.511
2026-09-11 09:21:55,533 - services.alerts.engine - INFO - Generated P4_WATCHLIST alert ALT-DE2080BB for {'lat': 27.3314, 'lon': 88.6138}
2026-09-11 09:21:55,533 - api.request - INFO - GET /api/v1/risk/evaluate status=200 duration=7256.09ms ip=127.0.0.1
INFO:     127.0.0.1:52871 - "GET /api/v1/risk/evaluate?lat=27.3314&lon=88.6138 HTTP/1.1" 200 OK
2026-09-11 09:21:55,535 - services.alerts.engine - INFO - Generated P4_WATCHLIST alert ALT-AEC5EA0D for {'lat': 27.3314, 'lon': 88.6138}
2026-09-11 09:21:55,535 - api.request - INFO - GET /api/v1/risk/evaluate status=200 duration=7076.67ms ip=127.0.0.1
2026-09-11 09:21:55,535 - services.alerts.engine - INFO - Generated P4_WATCHLIST alert ALT-B4BED6E0 for {'lat': 27.3314, 'lon': 88.6138}
INFO:     127.0.0.1:52910 - "GET /api/v1/risk/evaluate?lat=27.3314&lon=88.6138 HTTP/1.1" 200 OK
2026-09-11 09:21:55,536 - api.request - INFO - GET /api/v1/risk/evaluate status=200 duration=7343.22ms ip=127.0.0.1
INFO:     127.0.0.1:52858 - "GET /api/v1/risk/evaluate?lat=27.3314&lon=88.6138 HTTP/1.1" 200 OK
2026-09-11 09:21:55,543 - services.alerts.engine - INFO - Generated P3_MONITORING alert ALT-22B91B11 for {'lat': 27.3314, 'lon': 88.6138}
2026-09-11 09:21:55,543 - api.request - INFO - GET /api/v1/risk/evaluate status=200 duration=7083.94ms ip=127.0.0.1
INFO:     127.0.0.1:52938 - "GET /api/v1/risk/evaluate?lat=27.3314&lon=88.6138 HTTP/1.1" 200 OK
2026-09-11 09:21:55,585 - services.fusion.pipeline - INFO - [3e3a781e-ae56-48d2-baa4-61da72146a66] Fusion pipeline completed. Hazard Evidence Score: 0.511
2026-09-11 09:21:55,739 - services.fusion.pipeline - INFO - [4588509e-4cca-4a0a-a154-5d4013bdd24e] Fusion pipeline completed. Hazard Evidence Score: 0.511
2026-09-11 09:21:55,812 - services.fusion.pipeline - INFO - [7cd5fe83-98dd-4acd-8c39-2c5c5bdf9463] Fusion pipeline completed. Hazard Evidence Score: 0.511
2026-09-11 09:21:55,946 - services.fusion.pipeline - INFO - [6b9c7630-fe0d-4cf5-acd9-078c6724238e] Fusion pipeline completed. Hazard Evidence Score: 0.511
2026-09-11 09:21:55,989 - services.fusion.pipeline - INFO - [ea8678ab-19fa-4dff-b31f-2bdc5ea98462] Fusion pipeline completed. Hazard Evidence Score: 0.511
2026-09-11 09:21:56,041 - services.fusion.pipeline - INFO - [b008e3fe-265a-4f46-b8a4-0b99eb6c84c2] Fusion pipeline completed. Hazard Evidence Score: 0.511
2026-09-11 09:21:56,106 - services.fusion.pipeline - INFO - [e6eb5aca-f90e-4c35-9ca1-c412d767f403] Fusion pipeline completed. Hazard Evidence Score: 0.511
2026-09-11 09:21:56,111 - services.fusion.pipeline - INFO - [594c3804-d30c-4513-becf-b7e52da6cc1b] Fusion pipeline completed. Hazard Evidence Score: 0.511
2026-09-11 09:21:56,129 - services.fusion.pipeline - INFO - [042dfbd3-0e8d-4823-81e5-018bcea05ac7] Fusion pipeline completed. Hazard Evidence Score: 0.511
2026-09-11 09:21:56,145 - services.fusion.pipeline - INFO - [ab00c448-08ec-4f7b-a7fc-99ac7e978c1a] Fusion pipeline completed. Hazard Evidence Score: 0.511
2026-09-11 09:21:56,170 - services.fusion.pipeline - INFO - [7f669aa4-b84b-4e97-9a57-d8ac59e9fa62] Fusion pipeline completed. Hazard Evidence Score: 0.511
2026-09-11 09:21:56,177 - services.alerts.engine - INFO - Generated P3_MONITORING alert ALT-1740EEAC for {'lat': 27.3314, 'lon': 88.6138}
2026-09-11 09:21:56,178 - services.fusion.pipeline - INFO - [10964198-6c7c-4960-ab84-78a8d4a61783] Fusion pipeline completed. Hazard Evidence Score: 0.511
2026-09-11 09:21:56,183 - api.request - INFO - GET /api/v1/risk/evaluate status=200 duration=8007.30ms ip=127.0.0.1
INFO:     127.0.0.1:52855 - "GET /api/v1/risk/evaluate?lat=27.3314&lon=88.6138 HTTP/1.1" 200 OK
2026-09-11 09:21:56,219 - services.fusion.pipeline - INFO - [3ddd96ea-95e9-4d96-96f8-6e7cc57e7cbe] Fusion pipeline completed. Hazard Evidence Score: 0.511
2026-09-11 09:21:56,227 - services.fusion.pipeline - INFO - [99d561f2-873e-421a-b58a-f66f11034e09] Fusion pipeline completed. Hazard Evidence Score: 0.511
2026-09-11 09:21:56,343 - services.fusion.pipeline - INFO - [e18e4682-3fb0-4634-a954-10b08a361b1b] Fusion pipeline completed. Hazard Evidence Score: 0.511
2026-09-11 09:21:56,369 - services.fusion.pipeline - INFO - [32f85a20-e7b3-4450-8ee2-c173d633b794] Fusion pipeline completed. Hazard Evidence Score: 0.511
2026-09-11 09:21:56,375 - services.fusion.pipeline - INFO - [e5a56356-23ea-4397-b0f7-557fd8faa60e] Fusion pipeline completed. Hazard Evidence Score: 0.511
2026-09-11 09:21:56,381 - services.fusion.pipeline - INFO - [da1a8c3f-1345-4916-a950-67b97a322310] Fusion pipeline completed. Hazard Evidence Score: 0.511
2026-09-11 09:21:56,386 - services.fusion.pipeline - INFO - [a79b751f-25aa-46ba-a140-b64bd36dce23] Fusion pipeline completed. Hazard Evidence Score: 0.511
2026-09-11 09:21:56,392 - services.fusion.pipeline - INFO - [97234542-5be8-4f84-a527-230204309bb2] Fusion pipeline completed. Hazard Evidence Score: 0.511
2026-09-11 09:21:56,397 - services.fusion.pipeline - INFO - [2c94804e-9fe3-4ce0-a383-73f38d1807b8] Fusion pipeline completed. Hazard Evidence Score: 0.511
2026-09-11 09:21:56,403 - services.fusion.pipeline - INFO - [8a093e2d-9369-4a19-bbf5-2164222fed6e] Fusion pipeline completed. Hazard Evidence Score: 0.511
2026-09-11 09:21:56,408 - services.fusion.pipeline - INFO - [d8596ff0-b4ba-4b7f-a966-c5ff25dbdc33] Fusion pipeline completed. Hazard Evidence Score: 0.511
2026-09-11 09:21:56,422 - services.fusion.pipeline - INFO - [e2980588-9ba6-43f6-a20e-2be2a7075e20] Fusion pipeline completed. Hazard Evidence Score: 0.511
2026-09-11 09:21:56,839 - httpx - INFO - HTTP Request: POST https://overpass-api.de/api/interpreter "HTTP/1.1 200 OK"
2026-09-11 09:21:56,853 - httpx - INFO - HTTP Request: POST https://overpass-api.de/api/interpreter "HTTP/1.1 200 OK"
2026-09-11 09:21:57,218 - services.alerts.engine - INFO - Generated P3_MONITORING alert ALT-6A262732 for {'lat': 27.3314, 'lon': 88.6138}
2026-09-11 09:21:57,221 - api.request - INFO - GET /api/v1/risk/evaluate status=200 duration=9028.70ms ip=127.0.0.1
INFO:     127.0.0.1:52864 - "GET /api/v1/risk/evaluate?lat=27.3314&lon=88.6138 HTTP/1.1" 200 OK
2026-09-11 09:21:57,239 - services.alerts.engine - INFO - Generated P3_MONITORING alert ALT-4D0DE096 for {'lat': 27.3314, 'lon': 88.6138}
2026-09-11 09:21:57,240 - api.request - INFO - GET /api/v1/risk/evaluate status=200 duration=8780.88ms ip=127.0.0.1
INFO:     127.0.0.1:52914 - "GET /api/v1/risk/evaluate?lat=27.3314&lon=88.6138 HTTP/1.1" 200 OK
2026-09-11 09:21:57,305 - httpx - INFO - HTTP Request: POST https://overpass-api.de/api/interpreter "HTTP/1.1 429 Too Many Requests"
2026-09-11 09:21:57,306 - httpx - INFO - HTTP Request: POST https://overpass-api.de/api/interpreter "HTTP/1.1 429 Too Many Requests"
2026-09-11 09:21:57,306 - httpx - INFO - HTTP Request: POST https://overpass-api.de/api/interpreter "HTTP/1.1 429 Too Many Requests"
2026-09-11 09:21:57,307 - services.fusion.exposure - ERROR - Failed to fetch OSM Exposure data: Client error '429 Too Many Requests' for url 'https://overpass-api.de/api/interpreter'
For more information check: https://developer.mozilla.org/en-US/docs/Web/HTTP/Status/429
2026-09-11 09:21:57,307 - services.fusion.exposure - ERROR - Failed to fetch OSM Exposure data: Client error '429 Too Many Requests' for url 'https://overpass-api.de/api/interpreter'
For more information check: https://developer.mozilla.org/en-US/docs/Web/HTTP/Status/429
2026-09-11 09:21:57,308 - services.fusion.exposure - ERROR - Failed to fetch OSM Exposure data: Client error '429 Too Many Requests' for url 'https://overpass-api.de/api/interpreter'
For more information check: https://developer.mozilla.org/en-US/docs/Web/HTTP/Status/429
2026-09-11 09:21:57,312 - httpx - INFO - HTTP Request: POST https://overpass-api.de/api/interpreter "HTTP/1.1 429 Too Many Requests"
2026-09-11 09:21:57,312 - httpx - INFO - HTTP Request: POST https://overpass-api.de/api/interpreter "HTTP/1.1 429 Too Many Requests"
2026-09-11 09:21:57,313 - services.fusion.exposure - ERROR - Failed to fetch OSM Exposure data: Client error '429 Too Many Requests' for url 'https://overpass-api.de/api/interpreter'
For more information check: https://developer.mozilla.org/en-US/docs/Web/HTTP/Status/429
2026-09-11 09:21:57,313 - services.fusion.exposure - ERROR - Failed to fetch OSM Exposure data: Client error '429 Too Many Requests' for url 'https://overpass-api.de/api/interpreter'
For more information check: https://developer.mozilla.org/en-US/docs/Web/HTTP/Status/429
2026-09-11 09:21:57,319 - services.alerts.engine - INFO - Generated P4_WATCHLIST alert ALT-3FC34C40 for {'lat': 27.3314, 'lon': 88.6138}
2026-09-11 09:21:57,320 - api.request - INFO - GET /api/v1/risk/evaluate status=200 duration=8860.45ms ip=127.0.0.1
2026-09-11 09:21:57,320 - httpx - INFO - HTTP Request: POST https://overpass-api.de/api/interpreter "HTTP/1.1 429 Too Many Requests"
2026-09-11 09:21:57,321 - services.fusion.exposure - ERROR - Failed to fetch OSM Exposure data: Client error '429 Too Many Requests' for url 'https://overpass-api.de/api/interpreter'
For more information check: https://developer.mozilla.org/en-US/docs/Web/HTTP/Status/429
2026-09-11 09:21:57,321 - services.alerts.engine - INFO - Generated P4_WATCHLIST alert ALT-35E9BF9D for {'lat': 27.3314, 'lon': 88.6138}
INFO:     127.0.0.1:52939 - "GET /api/v1/risk/evaluate?lat=27.3314&lon=88.6138 HTTP/1.1" 200 OK
2026-09-11 09:21:57,322 - api.request - INFO - GET /api/v1/risk/evaluate status=200 duration=9129.73ms ip=127.0.0.1
2026-09-11 09:21:57,323 - services.alerts.engine - INFO - Generated P4_WATCHLIST alert ALT-785E97E7 for {'lat': 27.3314, 'lon': 88.6138}
INFO:     127.0.0.1:52861 - "GET /api/v1/risk/evaluate?lat=27.3314&lon=88.6138 HTTP/1.1" 200 OK
2026-09-11 09:21:57,323 - api.request - INFO - GET /api/v1/risk/evaluate status=200 duration=9046.38ms ip=127.0.0.1
INFO:     127.0.0.1:52868 - "GET /api/v1/risk/evaluate?lat=27.3314&lon=88.6138 HTTP/1.1" 200 OK
2026-09-11 09:21:57,331 - httpx - INFO - HTTP Request: POST https://overpass-api.de/api/interpreter "HTTP/1.1 429 Too Many Requests"
2026-09-11 09:21:57,332 - services.fusion.exposure - ERROR - Failed to fetch OSM Exposure data: Client error '429 Too Many Requests' for url 'https://overpass-api.de/api/interpreter'
For more information check: https://developer.mozilla.org/en-US/docs/Web/HTTP/Status/429
2026-09-11 09:21:57,363 - httpx - INFO - HTTP Request: POST https://overpass-api.de/api/interpreter "HTTP/1.1 429 Too Many Requests"
2026-09-11 09:21:57,363 - services.fusion.exposure - ERROR - Failed to fetch OSM Exposure data: Client error '429 Too Many Requests' for url 'https://overpass-api.de/api/interpreter'
For more information check: https://developer.mozilla.org/en-US/docs/Web/HTTP/Status/429
2026-09-11 09:21:57,365 - services.alerts.engine - INFO - Generated P4_WATCHLIST alert ALT-6CF0ECEB for {'lat': 27.3314, 'lon': 88.6138}
2026-09-11 09:21:57,365 - api.request - INFO - GET /api/v1/risk/evaluate status=200 duration=8906.19ms ip=127.0.0.1
INFO:     127.0.0.1:52919 - "GET /api/v1/risk/evaluate?lat=27.3314&lon=88.6138 HTTP/1.1" 200 OK
2026-09-11 09:21:57,378 - httpx - INFO - HTTP Request: POST https://overpass-api.de/api/interpreter "HTTP/1.1 200 OK"
2026-09-11 09:21:57,379 - httpx - INFO - HTTP Request: POST https://overpass-api.de/api/interpreter "HTTP/1.1 429 Too Many Requests"
2026-09-11 09:21:57,379 - services.fusion.exposure - ERROR - Failed to fetch OSM Exposure data: Client error '429 Too Many Requests' for url 'https://overpass-api.de/api/interpreter'
For more information check: https://developer.mozilla.org/en-US/docs/Web/HTTP/Status/429
2026-09-11 09:21:57,389 - services.alerts.engine - INFO - Generated P4_WATCHLIST alert ALT-25207788 for {'lat': 27.3314, 'lon': 88.6138}
2026-09-11 09:21:57,389 - api.request - INFO - GET /api/v1/risk/evaluate status=200 duration=9111.68ms ip=127.0.0.1
INFO:     127.0.0.1:52875 - "GET /api/v1/risk/evaluate?lat=27.3314&lon=88.6138 HTTP/1.1" 200 OK
2026-09-11 09:21:57,406 - services.alerts.engine - INFO - Generated P4_WATCHLIST alert ALT-BE09E4B6 for {'lat': 27.3314, 'lon': 88.6138}
2026-09-11 09:21:57,406 - api.request - INFO - GET /api/v1/risk/evaluate status=200 duration=9071.71ms ip=127.0.0.1
INFO:     127.0.0.1:52894 - "GET /api/v1/risk/evaluate?lat=27.3314&lon=88.6138 HTTP/1.1" 200 OK
2026-09-11 09:21:57,423 - services.alerts.engine - INFO - Generated P4_WATCHLIST alert ALT-EDA69AC9 for {'lat': 27.3314, 'lon': 88.6138}
2026-09-11 09:21:57,424 - api.request - INFO - GET /api/v1/risk/evaluate status=200 duration=9089.63ms ip=127.0.0.1
INFO:     127.0.0.1:52882 - "GET /api/v1/risk/evaluate?lat=27.3314&lon=88.6138 HTTP/1.1" 200 OK
2026-09-11 09:21:57,427 - services.alerts.engine - INFO - Generated P4_WATCHLIST alert ALT-8409224C for {'lat': 27.3314, 'lon': 88.6138}
2026-09-11 09:21:57,427 - api.request - INFO - GET /api/v1/risk/evaluate status=200 duration=9149.92ms ip=127.0.0.1
INFO:     127.0.0.1:52874 - "GET /api/v1/risk/evaluate?lat=27.3314&lon=88.6138 HTTP/1.1" 200 OK
2026-09-11 09:21:57,434 - services.alerts.engine - INFO - Generated P4_WATCHLIST alert ALT-70FC46E1 for {'lat': 27.3314, 'lon': 88.6138}
2026-09-11 09:21:57,434 - api.request - INFO - GET /api/v1/risk/evaluate status=200 duration=9100.12ms ip=127.0.0.1
INFO:     127.0.0.1:52880 - "GET /api/v1/risk/evaluate?lat=27.3314&lon=88.6138 HTTP/1.1" 200 OK
2026-09-11 09:21:57,496 - httpx - INFO - HTTP Request: POST https://overpass-api.de/api/interpreter "HTTP/1.1 429 Too Many Requests"
2026-09-11 09:21:57,497 - httpx - INFO - HTTP Request: POST https://overpass-api.de/api/interpreter "HTTP/1.1 429 Too Many Requests"
2026-09-11 09:21:57,497 - services.fusion.exposure - ERROR - Failed to fetch OSM Exposure data: Client error '429 Too Many Requests' for url 'https://overpass-api.de/api/interpreter'
For more information check: https://developer.mozilla.org/en-US/docs/Web/HTTP/Status/429
2026-09-11 09:21:57,497 - httpx - INFO - HTTP Request: POST https://overpass-api.de/api/interpreter "HTTP/1.1 429 Too Many Requests"
2026-09-11 09:21:57,498 - httpx - INFO - HTTP Request: POST https://overpass-api.de/api/interpreter "HTTP/1.1 429 Too Many Requests"
2026-09-11 09:21:57,498 - httpx - INFO - HTTP Request: POST https://overpass-api.de/api/interpreter "HTTP/1.1 429 Too Many Requests"
2026-09-11 09:21:57,498 - services.fusion.exposure - ERROR - Failed to fetch OSM Exposure data: Client error '429 Too Many Requests' for url 'https://overpass-api.de/api/interpreter'
For more information check: https://developer.mozilla.org/en-US/docs/Web/HTTP/Status/429
2026-09-11 09:21:57,499 - services.fusion.exposure - ERROR - Failed to fetch OSM Exposure data: Client error '429 Too Many Requests' for url 'https://overpass-api.de/api/interpreter'
For more information check: https://developer.mozilla.org/en-US/docs/Web/HTTP/Status/429
2026-09-11 09:21:57,499 - services.fusion.exposure - ERROR - Failed to fetch OSM Exposure data: Client error '429 Too Many Requests' for url 'https://overpass-api.de/api/interpreter'
For more information check: https://developer.mozilla.org/en-US/docs/Web/HTTP/Status/429
2026-09-11 09:21:57,500 - services.fusion.exposure - ERROR - Failed to fetch OSM Exposure data: Client error '429 Too Many Requests' for url 'https://overpass-api.de/api/interpreter'
For more information check: https://developer.mozilla.org/en-US/docs/Web/HTTP/Status/429
2026-09-11 09:21:57,523 - httpx - INFO - HTTP Request: POST https://overpass-api.de/api/interpreter "HTTP/1.1 429 Too Many Requests"
2026-09-11 09:21:57,523 - services.fusion.exposure - ERROR - Failed to fetch OSM Exposure data: Client error '429 Too Many Requests' for url 'https://overpass-api.de/api/interpreter'
For more information check: https://developer.mozilla.org/en-US/docs/Web/HTTP/Status/429
2026-09-11 09:21:57,524 - httpx - INFO - HTTP Request: POST https://overpass-api.de/api/interpreter "HTTP/1.1 429 Too Many Requests"
2026-09-11 09:21:57,524 - services.fusion.exposure - ERROR - Failed to fetch OSM Exposure data: Client error '429 Too Many Requests' for url 'https://overpass-api.de/api/interpreter'
For more information check: https://developer.mozilla.org/en-US/docs/Web/HTTP/Status/429
2026-09-11 09:21:57,525 - httpx - INFO - HTTP Request: POST https://overpass-api.de/api/interpreter "HTTP/1.1 429 Too Many Requests"
2026-09-11 09:21:57,525 - services.fusion.exposure - ERROR - Failed to fetch OSM Exposure data: Client error '429 Too Many Requests' for url 'https://overpass-api.de/api/interpreter'
For more information check: https://developer.mozilla.org/en-US/docs/Web/HTTP/Status/429
2026-09-11 09:21:57,537 - services.alerts.engine - INFO - Generated P4_WATCHLIST alert ALT-0A14BFD7 for {'lat': 27.3314, 'lon': 88.6138}
2026-09-11 09:21:57,538 - api.request - INFO - GET /api/v1/risk/evaluate status=200 duration=9078.98ms ip=127.0.0.1
2026-09-11 09:21:57,538 - httpx - INFO - HTTP Request: POST https://overpass-api.de/api/interpreter "HTTP/1.1 429 Too Many Requests"
2026-09-11 09:21:57,539 - services.fusion.exposure - ERROR - Failed to fetch OSM Exposure data: Client error '429 Too Many Requests' for url 'https://overpass-api.de/api/interpreter'
For more information check: https://developer.mozilla.org/en-US/docs/Web/HTTP/Status/429
INFO:     127.0.0.1:52932 - "GET /api/v1/risk/evaluate?lat=27.3314&lon=88.6138 HTTP/1.1" 200 OK
2026-09-11 09:21:57,564 - httpx - INFO - HTTP Request: POST https://overpass-api.de/api/interpreter "HTTP/1.1 429 Too Many Requests"
2026-09-11 09:21:57,565 - services.fusion.exposure - ERROR - Failed to fetch OSM Exposure data: Client error '429 Too Many Requests' for url 'https://overpass-api.de/api/interpreter'
For more information check: https://developer.mozilla.org/en-US/docs/Web/HTTP/Status/429
2026-09-11 09:21:57,581 - services.alerts.engine - INFO - Generated P4_WATCHLIST alert ALT-55C73FC9 for {'lat': 27.3314, 'lon': 88.6138}
2026-09-11 09:21:57,581 - api.request - INFO - GET /api/v1/risk/evaluate status=200 duration=9388.65ms ip=127.0.0.1
INFO:     127.0.0.1:52862 - "GET /api/v1/risk/evaluate?lat=27.3314&lon=88.6138 HTTP/1.1" 200 OK
2026-09-11 09:21:57,604 - services.alerts.engine - INFO - Generated P4_WATCHLIST alert ALT-0E88890B for {'lat': 27.3314, 'lon': 88.6138}
2026-09-11 09:21:57,604 - api.request - INFO - GET /api/v1/risk/evaluate status=200 duration=9327.02ms ip=127.0.0.1
INFO:     127.0.0.1:52878 - "GET /api/v1/risk/evaluate?lat=27.3314&lon=88.6138 HTTP/1.1" 200 OK
2026-09-11 09:21:57,609 - services.alerts.engine - INFO - Generated P4_WATCHLIST alert ALT-A41859C5 for {'lat': 27.3314, 'lon': 88.6138}
2026-09-11 09:21:57,610 - api.request - INFO - GET /api/v1/risk/evaluate status=200 duration=9150.02ms ip=127.0.0.1
INFO:     127.0.0.1:52949 - "GET /api/v1/risk/evaluate?lat=27.3314&lon=88.6138 HTTP/1.1" 200 OK
2026-09-11 09:21:57,611 - httpx - INFO - HTTP Request: POST https://overpass-api.de/api/interpreter "HTTP/1.1 200 OK"
2026-09-11 09:21:57,626 - services.alerts.engine - INFO - Generated P4_WATCHLIST alert ALT-AE5314F3 for {'lat': 27.3314, 'lon': 88.6138}
2026-09-11 09:21:57,627 - api.request - INFO - GET /api/v1/risk/evaluate status=200 duration=9166.94ms ip=127.0.0.1
INFO:     127.0.0.1:52951 - "GET /api/v1/risk/evaluate?lat=27.3314&lon=88.6138 HTTP/1.1" 200 OK
2026-09-11 09:21:57,631 - services.alerts.engine - INFO - Generated P4_WATCHLIST alert ALT-17E4EA0E for {'lat': 27.3314, 'lon': 88.6138}
2026-09-11 09:21:57,631 - api.request - INFO - GET /api/v1/risk/evaluate status=200 duration=9296.49ms ip=127.0.0.1
INFO:     127.0.0.1:52890 - "GET /api/v1/risk/evaluate?lat=27.3314&lon=88.6138 HTTP/1.1" 200 OK
2026-09-11 09:21:57,639 - services.alerts.engine - INFO - Generated P4_WATCHLIST alert ALT-A3F5335A for {'lat': 27.3314, 'lon': 88.6138}
2026-09-11 09:21:57,639 - api.request - INFO - GET /api/v1/risk/evaluate status=200 duration=9305.25ms ip=127.0.0.1
INFO:     127.0.0.1:52884 - "GET /api/v1/risk/evaluate?lat=27.3314&lon=88.6138 HTTP/1.1" 200 OK
2026-09-11 09:21:57,648 - services.alerts.engine - INFO - Generated P4_WATCHLIST alert ALT-E2D5997B for {'lat': 27.3314, 'lon': 88.6138}
2026-09-11 09:21:57,648 - api.request - INFO - GET /api/v1/risk/evaluate status=200 duration=9313.96ms ip=127.0.0.1
INFO:     127.0.0.1:52879 - "GET /api/v1/risk/evaluate?lat=27.3314&lon=88.6138 HTTP/1.1" 200 OK
2026-09-11 09:21:57,650 - services.alerts.engine - INFO - Generated P4_WATCHLIST alert ALT-AAC44DD5 for {'lat': 27.3314, 'lon': 88.6138}
2026-09-11 09:21:57,650 - api.request - INFO - GET /api/v1/risk/evaluate status=200 duration=9372.75ms ip=127.0.0.1
INFO:     127.0.0.1:52877 - "GET /api/v1/risk/evaluate?lat=27.3314&lon=88.6138 HTTP/1.1" 200 OK
2026-09-11 09:21:57,656 - services.alerts.engine - INFO - Generated P4_WATCHLIST alert ALT-EE8046D7 for {'lat': 27.3314, 'lon': 88.6138}
2026-09-11 09:21:57,656 - api.request - INFO - GET /api/v1/risk/evaluate status=200 duration=9321.56ms ip=127.0.0.1
INFO:     127.0.0.1:52886 - "GET /api/v1/risk/evaluate?lat=27.3314&lon=88.6138 HTTP/1.1" 200 OK
2026-09-11 09:22:00,451 - httpx - INFO - HTTP Request: POST https://overpass-api.de/api/interpreter "HTTP/1.1 200 OK"
2026-09-11 09:22:00,488 - httpx - INFO - HTTP Request: POST https://overpass-api.de/api/interpreter "HTTP/1.1 200 OK"
2026-09-11 09:22:03,694 - httpx - INFO - HTTP Request: POST https://overpass-api.de/api/interpreter "HTTP/1.1 200 OK"
2026-09-11 09:22:04,840 - httpx - INFO - HTTP Request: POST https://overpass-api.de/api/interpreter "HTTP/1.1 429 Too Many Requests"
2026-09-11 09:22:04,842 - services.fusion.exposure - ERROR - Failed to fetch OSM Exposure data: Client error '429 Too Many Requests' for url 'https://overpass-api.de/api/interpreter'
For more information check: https://developer.mozilla.org/en-US/docs/Web/HTTP/Status/429
2026-09-11 09:22:04,844 - httpx - INFO - HTTP Request: POST https://overpass-api.de/api/interpreter "HTTP/1.1 429 Too Many Requests"
2026-09-11 09:22:04,845 - httpx - INFO - HTTP Request: POST https://overpass-api.de/api/interpreter "HTTP/1.1 429 Too Many Requests"
2026-09-11 09:22:04,846 - services.fusion.exposure - ERROR - Failed to fetch OSM Exposure data: Client error '429 Too Many Requests' for url 'https://overpass-api.de/api/interpreter'
For more information check: https://developer.mozilla.org/en-US/docs/Web/HTTP/Status/429
2026-09-11 09:22:04,847 - services.fusion.exposure - ERROR - Failed to fetch OSM Exposure data: Client error '429 Too Many Requests' for url 'https://overpass-api.de/api/interpreter'
For more information check: https://developer.mozilla.org/en-US/docs/Web/HTTP/Status/429
2026-09-11 09:22:04,877 - services.alerts.engine - INFO - Generated P4_WATCHLIST alert ALT-BC131C03 for {'lat': 27.3314, 'lon': 88.6138}
2026-09-11 09:22:04,878 - api.request - INFO - GET /api/v1/risk/evaluate status=200 duration=16419.25ms ip=127.0.0.1
2026-09-11 09:22:04,878 - services.alerts.engine - INFO - Generated P4_WATCHLIST alert ALT-364C7342 for {'lat': 27.3314, 'lon': 88.6138}
2026-09-11 09:22:04,879 - api.request - INFO - GET /api/v1/risk/evaluate status=200 duration=16544.22ms ip=127.0.0.1
INFO:     127.0.0.1:52916 - "GET /api/v1/risk/evaluate?lat=27.3314&lon=88.6138 HTTP/1.1" 200 OK
INFO:     127.0.0.1:52903 - "GET /api/v1/risk/evaluate?lat=27.3314&lon=88.6138 HTTP/1.1" 200 OK
2026-09-11 09:22:04,885 - services.alerts.engine - INFO - Generated P4_WATCHLIST alert ALT-C72A07C3 for {'lat': 27.3314, 'lon': 88.6138}
2026-09-11 09:22:04,886 - api.request - INFO - GET /api/v1/risk/evaluate status=200 duration=16427.15ms ip=127.0.0.1
INFO:     127.0.0.1:52911 - "GET /api/v1/risk/evaluate?lat=27.3314&lon=88.6138 HTTP/1.1" 200 OK
2026-09-11 09:22:04,902 - httpx - INFO - HTTP Request: POST https://overpass-api.de/api/interpreter "HTTP/1.1 200 OK"
2026-09-11 09:22:04,958 - httpx - INFO - HTTP Request: POST https://overpass-api.de/api/interpreter "HTTP/1.1 200 OK"
2026-09-11 09:22:04,989 - httpx - INFO - HTTP Request: POST https://overpass-api.de/api/interpreter "HTTP/1.1 200 OK"
2026-09-11 09:22:04,999 - httpx - INFO - HTTP Request: POST https://overpass-api.de/api/interpreter "HTTP/1.1 200 OK"
2026-09-11 09:22:09,746 - services.fusion.exposure - ERROR - Failed to fetch OSM Exposure data: Server disconnected without sending a response.
2026-09-11 09:22:09,763 - services.alerts.engine - INFO - Generated P4_WATCHLIST alert ALT-7E0191E7 for {'lat': 27.3314, 'lon': 88.6138}
2026-09-11 09:22:09,764 - api.request - INFO - GET /api/v1/risk/evaluate status=200 duration=21304.66ms ip=127.0.0.1
INFO:     127.0.0.1:52935 - "GET /api/v1/risk/evaluate?lat=27.3314&lon=88.6138 HTTP/1.1" 200 OK
2026-09-11 09:22:09,912 - services.fusion.exposure - ERROR - Failed to fetch OSM Exposure data: Server disconnected without sending a response.
2026-09-11 09:22:09,933 - services.fusion.exposure - ERROR - Failed to fetch OSM Exposure data: 
2026-09-11 09:22:09,934 - services.fusion.exposure - ERROR - Failed to fetch OSM Exposure data: Server disconnected without sending a response.
2026-09-11 09:22:09,952 - services.alerts.engine - INFO - Generated P4_WATCHLIST alert ALT-C7648672 for {'lat': 27.3314, 'lon': 88.6138}
2026-09-11 09:22:09,953 - api.request - INFO - GET /api/v1/risk/evaluate status=200 duration=21618.61ms ip=127.0.0.1
INFO:     127.0.0.1:52893 - "GET /api/v1/risk/evaluate?lat=27.3314&lon=88.6138 HTTP/1.1" 200 OK
2026-09-11 09:22:09,965 - services.alerts.engine - INFO - Generated P4_WATCHLIST alert ALT-E80D99CD for {'lat': 27.3314, 'lon': 88.6138}
2026-09-11 09:22:09,965 - api.request - INFO - GET /api/v1/risk/evaluate status=200 duration=21506.27ms ip=127.0.0.1
INFO:     127.0.0.1:52926 - "GET /api/v1/risk/evaluate?lat=27.3314&lon=88.6138 HTTP/1.1" 200 OK
2026-09-11 09:22:09,967 - services.alerts.engine - INFO - Generated P4_WATCHLIST alert ALT-F4A37B99 for {'lat': 27.3314, 'lon': 88.6138}
2026-09-11 09:22:09,968 - api.request - INFO - GET /api/v1/risk/evaluate status=200 duration=21508.81ms ip=127.0.0.1
INFO:     127.0.0.1:52928 - "GET /api/v1/risk/evaluate?lat=27.3314&lon=88.6138 HTTP/1.1" 200 OK
2026-09-11 09:22:11,883 - httpx - INFO - HTTP Request: POST https://overpass-api.de/api/interpreter "HTTP/1.1 429 Too Many Requests"
2026-09-11 09:22:11,884 - services.fusion.exposure - ERROR - Failed to fetch OSM Exposure data: Client error '429 Too Many Requests' for url 'https://overpass-api.de/api/interpreter'
For more information check: https://developer.mozilla.org/en-US/docs/Web/HTTP/Status/429
2026-09-11 09:22:11,885 - httpx - INFO - HTTP Request: POST https://overpass-api.de/api/interpreter "HTTP/1.1 429 Too Many Requests"
2026-09-11 09:22:11,886 - services.fusion.exposure - ERROR - Failed to fetch OSM Exposure data: Client error '429 Too Many Requests' for url 'https://overpass-api.de/api/interpreter'
For more information check: https://developer.mozilla.org/en-US/docs/Web/HTTP/Status/429
2026-09-11 09:22:11,888 - httpx - INFO - HTTP Request: POST https://overpass-api.de/api/interpreter "HTTP/1.1 429 Too Many Requests"
2026-09-11 09:22:11,889 - services.fusion.exposure - ERROR - Failed to fetch OSM Exposure data: Client error '429 Too Many Requests' for url 'https://overpass-api.de/api/interpreter'
For more information check: https://developer.mozilla.org/en-US/docs/Web/HTTP/Status/429
2026-09-11 09:22:11,904 - services.alerts.engine - INFO - Generated P4_WATCHLIST alert ALT-A1211BE2 for {'lat': 27.3314, 'lon': 88.6138}
2026-09-11 09:22:11,905 - api.request - INFO - GET /api/v1/risk/evaluate status=200 duration=23569.96ms ip=127.0.0.1
2026-09-11 09:22:11,905 - services.alerts.engine - INFO - Generated P4_WATCHLIST alert ALT-65FEE8E2 for {'lat': 27.3314, 'lon': 88.6138}
INFO:     127.0.0.1:52895 - "GET /api/v1/risk/evaluate?lat=27.3314&lon=88.6138 HTTP/1.1" 200 OK
2026-09-11 09:22:11,905 - api.request - INFO - GET /api/v1/risk/evaluate status=200 duration=23712.65ms ip=127.0.0.1
INFO:     127.0.0.1:52865 - "GET /api/v1/risk/evaluate?lat=27.3314&lon=88.6138 HTTP/1.1" 200 OK
2026-09-11 09:22:11,907 - services.alerts.engine - INFO - Generated P4_WATCHLIST alert ALT-9EAB1D15 for {'lat': 27.3314, 'lon': 88.6138}
2026-09-11 09:22:11,907 - api.request - INFO - GET /api/v1/risk/evaluate status=200 duration=23572.17ms ip=127.0.0.1
INFO:     127.0.0.1:52899 - "GET /api/v1/risk/evaluate?lat=27.3314&lon=88.6138 HTTP/1.1" 200 OK
2026-09-11 09:22:24,697 - services.fusion.exposure - ERROR - Failed to fetch OSM Exposure data: 
2026-09-11 09:22:24,700 - services.fusion.exposure - ERROR - Failed to fetch OSM Exposure data: 
2026-09-11 09:22:24,701 - services.fusion.exposure - ERROR - Failed to fetch OSM Exposure data: 
2026-09-11 09:22:24,723 - services.alerts.engine - INFO - Generated P4_WATCHLIST alert ALT-D3CAEE08 for {'lat': 27.3314, 'lon': 88.6138}
2026-09-11 09:22:24,726 - api.request - INFO - GET /api/v1/risk/evaluate status=200 duration=36266.30ms ip=127.0.0.1
INFO:     127.0.0.1:52945 - "GET /api/v1/risk/evaluate?lat=27.3314&lon=88.6138 HTTP/1.1" 200 OK
2026-09-11 09:22:24,729 - services.alerts.engine - INFO - Generated P4_WATCHLIST alert ALT-A75EC850 for {'lat': 27.3314, 'lon': 88.6138}
2026-09-11 09:22:24,730 - api.request - INFO - GET /api/v1/risk/evaluate status=200 duration=36270.28ms ip=127.0.0.1
INFO:     127.0.0.1:52943 - "GET /api/v1/risk/evaluate?lat=27.3314&lon=88.6138 HTTP/1.1" 200 OK
2026-09-11 09:22:24,732 - services.alerts.engine - INFO - Generated P4_WATCHLIST alert ALT-F9B113BC for {'lat': 27.3314, 'lon': 88.6138}
2026-09-11 09:22:24,732 - api.request - INFO - GET /api/v1/risk/evaluate status=200 duration=36273.61ms ip=127.0.0.1
INFO:     127.0.0.1:52909 - "GET /api/v1/risk/evaluate?lat=27.3314&lon=88.6138 HTTP/1.1" 200 OK
2026-09-11 09:22:24,797 - services.fusion.exposure - ERROR - Failed to fetch OSM Exposure data: 
2026-09-11 09:22:24,818 - services.alerts.engine - INFO - Generated P4_WATCHLIST alert ALT-C45F2F12 for {'lat': 27.3314, 'lon': 88.6138}
2026-09-11 09:22:24,818 - api.request - INFO - GET /api/v1/risk/evaluate status=200 duration=36483.73ms ip=127.0.0.1
INFO:     127.0.0.1:52888 - "GET /api/v1/risk/evaluate?lat=27.3314&lon=88.6138 HTTP/1.1" 200 OK
2026-09-11 09:22:27,381 - services.fusion.exposure - ERROR - Failed to fetch OSM Exposure data: 
2026-09-11 09:22:27,407 - services.alerts.engine - INFO - Generated P4_WATCHLIST alert ALT-CC94E511 for {'lat': 27.3314, 'lon': 88.6138}
2026-09-11 09:22:27,407 - api.request - INFO - GET /api/v1/risk/evaluate status=200 duration=39073.04ms ip=127.0.0.1
INFO:     127.0.0.1:52883 - "GET /api/v1/risk/evaluate?lat=27.3314&lon=88.6138 HTTP/1.1" 200 OK
2026-09-11 09:22:27,613 - services.fusion.exposure - ERROR - Failed to fetch OSM Exposure data: 
2026-09-11 09:22:27,635 - services.alerts.engine - INFO - Generated P4_WATCHLIST alert ALT-90887BA6 for {'lat': 27.3314, 'lon': 88.6138}
2026-09-11 09:22:27,635 - api.request - INFO - GET /api/v1/risk/evaluate status=200 duration=39358.41ms ip=127.0.0.1
INFO:     127.0.0.1:52869 - "GET /api/v1/risk/evaluate?lat=27.3314&lon=88.6138 HTTP/1.1" 200 OK
2026-09-11 09:22:30,454 - services.fusion.exposure - ERROR - Failed to fetch OSM Exposure data: 
2026-09-11 09:22:30,479 - services.alerts.engine - INFO - Generated P4_WATCHLIST alert ALT-DB662362 for {'lat': 27.3314, 'lon': 88.6138}
2026-09-11 09:22:30,479 - api.request - INFO - GET /api/v1/risk/evaluate status=200 duration=42202.03ms ip=127.0.0.1
INFO:     127.0.0.1:52867 - "GET /api/v1/risk/evaluate?lat=27.3314&lon=88.6138 HTTP/1.1" 200 OK
2026-09-11 09:22:30,489 - services.fusion.exposure - ERROR - Failed to fetch OSM Exposure data: 
2026-09-11 09:22:30,506 - services.alerts.engine - INFO - Generated P4_WATCHLIST alert ALT-C90A03E8 for {'lat': 27.3314, 'lon': 88.6138}
2026-09-11 09:22:30,507 - api.request - INFO - GET /api/v1/risk/evaluate status=200 duration=42172.42ms ip=127.0.0.1
INFO:     127.0.0.1:52881 - "GET /api/v1/risk/evaluate?lat=27.3314&lon=88.6138 HTTP/1.1" 200 OK
2026-09-11 09:22:33,697 - services.fusion.exposure - ERROR - Failed to fetch OSM Exposure data: 
2026-09-11 09:22:33,723 - services.alerts.engine - INFO - Generated P4_WATCHLIST alert ALT-0F601674 for {'lat': 27.3314, 'lon': 88.6138}
2026-09-11 09:22:33,724 - api.request - INFO - GET /api/v1/risk/evaluate status=200 duration=45446.54ms ip=127.0.0.1
INFO:     127.0.0.1:52870 - "GET /api/v1/risk/evaluate?lat=27.3314&lon=88.6138 HTTP/1.1" 200 OK
2026-09-11 09:22:34,904 - services.fusion.exposure - ERROR - Failed to fetch OSM Exposure data: 
2026-09-11 09:22:34,928 - services.alerts.engine - INFO - Generated P4_WATCHLIST alert ALT-C1B23929 for {'lat': 27.3314, 'lon': 88.6138}
2026-09-11 09:22:34,929 - api.request - INFO - GET /api/v1/risk/evaluate status=200 duration=46594.15ms ip=127.0.0.1
INFO:     127.0.0.1:52897 - "GET /api/v1/risk/evaluate?lat=27.3314&lon=88.6138 HTTP/1.1" 200 OK
2026-09-11 09:22:34,960 - services.fusion.exposure - ERROR - Failed to fetch OSM Exposure data: 
2026-09-11 09:22:34,982 - services.alerts.engine - INFO - Generated P4_WATCHLIST alert ALT-C98E05C0 for {'lat': 27.3314, 'lon': 88.6138}
2026-09-11 09:22:34,983 - api.request - INFO - GET /api/v1/risk/evaluate status=200 duration=46523.58ms ip=127.0.0.1
INFO:     127.0.0.1:52929 - "GET /api/v1/risk/evaluate?lat=27.3314&lon=88.6138 HTTP/1.1" 200 OK
2026-09-11 09:22:34,990 - services.fusion.exposure - ERROR - Failed to fetch OSM Exposure data: 
2026-09-11 09:22:35,000 - services.fusion.exposure - ERROR - Failed to fetch OSM Exposure data: 
2026-09-11 09:22:35,013 - services.alerts.engine - INFO - Generated P4_WATCHLIST alert ALT-6171CD28 for {'lat': 27.3314, 'lon': 88.6138}
2026-09-11 09:22:35,013 - api.request - INFO - GET /api/v1/risk/evaluate status=200 duration=46678.99ms ip=127.0.0.1
INFO:     127.0.0.1:52885 - "GET /api/v1/risk/evaluate?lat=27.3314&lon=88.6138 HTTP/1.1" 200 OK
2026-09-11 09:22:35,016 - services.alerts.engine - INFO - Generated P4_WATCHLIST alert ALT-B37C9113 for {'lat': 27.3314, 'lon': 88.6138}
2026-09-11 09:22:35,017 - api.request - INFO - GET /api/v1/risk/evaluate status=200 duration=46739.84ms ip=127.0.0.1
INFO:     127.0.0.1:52866 - "GET /api/v1/risk/evaluate?lat=27.3314&lon=88.6138 HTTP/1.1" 200 OK
